ori,agency_name,state_name,data_year,offense,Population,cleared,actual,crime_rate
AL0470100,Huntsville,Alabama,2018,violent-crime,215006,986,1423,661.8419951071132
AL0470100,Huntsville,Alabama,2019,violent-crime,215006,597,872,405.57007711412706
AL0470100,Huntsville,Alabama,2020,violent-crime,215006,485,701,326.0374129094072
AL0470100,Huntsville,Alabama,2021,violent-crime,215006,26,28,13.022892384398574
AL0470100,Huntsville,Alabama,2022,violent-crime,215006,82,654,304.1775578355953
AK0010100,Anchorage,Alaska,2018,violent-crime,291538,1941,3824,1311.6643456427637
AK0010100,Anchorage,Alaska,2019,violent-crime,291538,1742,3581,1228.3132902057364
AK0010100,Anchorage,Alaska,2020,violent-crime,291538,1711,3472,1190.9253682195804
AK0010100,Anchorage,Alaska,2022,violent-crime,291538,1735,3289,1128.1548202978686
AZ0072300,Phoenix,Arizona,2018,violent-crime,1660272,3932,12111,729.4587874757871
AZ0072300,Phoenix,Arizona,2019,violent-crime,1660272,3749,11803,710.907610319273
AZ0072300,Phoenix,Arizona,2020,violent-crime,1660272,3818,13646,821.9135177850376
AZ0072300,Phoenix,Arizona,2022,violent-crime,1660272,3707,13515,814.0232443840528
AR0600200,Little Rock,Arkansas,2018,violent-crime,202591,763,2891,1427.0130459892098
AR0600200,Little Rock,Arkansas,2019,violent-crime,202591,814,3029,1495.1305832934336
AR0600200,Little Rock,Arkansas,2020,violent-crime,202591,779,3661,1807.089159933067
AR0600200,Little Rock,Arkansas,2021,violent-crime,202591,825,4090,2018.8458519875016
AR0600200,Little Rock,Arkansas,2022,violent-crime,202591,778,3694,1823.3781362449467
CA0194200,Los Angeles,California,2018,violent-crime,3997984,12756,30126,753.5297790086204
CA0194200,Los Angeles,California,2019,violent-crime,3997984,12759,29400,735.3706267959052
CA0194200,Los Angeles,California,2020,violent-crime,3997984,12010,28882,722.4140967047392
CA0194200,Los Angeles,California,2022,violent-crime,3997984,13025,31772,794.7005290666497
CODPD0000,Denver,Colorado,2018,violent-crime,719238,2900,5313,738.6984558657913
CODPD0000,Denver,Colorado,2019,violent-crime,719238,2925,5511,766.2275908670009
CODPD0000,Denver,Colorado,2020,violent-crime,719238,3187,6378,886.7718335238127
CODPD0000,Denver,Colorado,2021,violent-crime,719238,3520,6919,961.9903286533804
CODPD0000,Denver,Colorado,2022,violent-crime,719238,3658,7545,1049.026886788518
CT0001500,Bridgeport,Connecticut,2018,violent-crime,148654,249,974,655.2127759764285
CT0001500,Bridgeport,Connecticut,2019,violent-crime,148654,198,847,569.7794879384343
CT0001500,Bridgeport,Connecticut,2020,violent-crime,148654,194,834,561.0343482180097
CT0001500,Bridgeport,Connecticut,2021,violent-crime,148654,170,809,544.2167718325777
CT0001500,Bridgeport,Connecticut,2022,violent-crime,148654,145,606,407.6580515828703
DE0020600,Wilmington,Delaware,2018,violent-crime,70635,502,1098,1554.4701635166703
DE0020600,Wilmington,Delaware,2019,violent-crime,70635,475,1051,1487.930912437177
DE0020600,Wilmington,Delaware,2020,violent-crime,70635,401,1124,1591.2791109223474
DE0020600,Wilmington,Delaware,2021,violent-crime,70635,414,1025,1451.1219650315
DE0020600,Wilmington,Delaware,2022,violent-crime,70635,438,848,1200.5379769236215
FL0160200,Jacksonville,Florida,2018,violent-crime,949611,2215,5381,566.653082156799
FL0160200,Jacksonville,Florida,2019,violent-crime,949611,2356,5886,619.8327525692099
FL0160200,Jacksonville,Florida,2020,violent-crime,949611,2377,6424,676.4875301570853
GAAPD0000,Atlanta,Georgia,2018,violent-crime,498715,1502,3814,764.7654471993022
GAAPD0000,Atlanta,Georgia,2019,violent-crime,498715,1262,3042,609.967616775112
GAAPD0000,Atlanta,Georgia,2020,violent-crime,498715,321,1355,271.69826453986747
GAAPD0000,Atlanta,Georgia,2021,violent-crime,498715,1660,4622,926.7818293013044
GAAPD0000,Atlanta,Georgia,2022,violent-crime,498715,1593,4167,835.5473567067364
ID0010100,Boise,Idaho,2018,violent-crime,228790,413,671,293.28204904060493
ID0010100,Boise,Idaho,2019,violent-crime,228790,384,684,298.96411556449146
ID0010100,Boise,Idaho,2020,violent-crime,228790,376,710,310.32824861226453
ID0010100,Boise,Idaho,2021,violent-crime,228790,336,720,314.69906901525417
ID0010100,Boise,Idaho,2022,violent-crime,228790,305,591,258.3154858166878
ILCPD0000,Chicago,Illinois,2018,violent-crime,2705994,0,27420,1013.3060161995925
ILCPD0000,Chicago,Illinois,2019,violent-crime,2705994,0,25553,944.3110369054772
ILCPD0000,Chicago,Illinois,2020,violent-crime,2705994,0,26583,982.3746837576136
ILCPD0000,Chicago,Illinois,2021,violent-crime,2705994,609,7769,287.1033712565512
ILCPD0000,Chicago,Illinois,2022,violent-crime,2705994,1465,14321,529.2325112324713
INIPD0000,Indianapolis,Indiana,2018,violent-crime,867125,4590,11170,1288.164912786507
INIPD0000,Indianapolis,Indiana,2019,violent-crime,867125,3261,9139,1053.9426264956032
INIPD0000,Indianapolis,Indiana,2020,violent-crime,867125,3322,9761,1125.6739224448609
INIPD0000,Indianapolis,Indiana,2021,violent-crime,867125,3550,9368,1080.3517370621307
INIPD0000,Indianapolis,Indiana,2022,violent-crime,867125,3604,9109,1050.4829176877613
IA0770300,Des Moines,Iowa,2018,violent-crime,216853,340,485,223.65381156820519
IA0770300,Des Moines,Iowa,2019,violent-crime,216853,893,1582,729.5264534039188
IA0770300,Des Moines,Iowa,2020,violent-crime,216853,848,1521,701.3967987530723
IA0770300,Des Moines,Iowa,2021,violent-crime,216853,765,1341,618.3912604390993
IA0770300,Des Moines,Iowa,2022,violent-crime,216853,103,311,143.41512453136457
KS0870300,Wichita,Kansas,2018,violent-crime,389225,1432,4666,1198.792472220438
KS0870300,Wichita,Kansas,2019,violent-crime,389225,2509,4493,1154.3451731003918
KS0870300,Wichita,Kansas,2020,violent-crime,389225,2408,5226,1342.6681225512236
KS0870300,Wichita,Kansas,2021,violent-crime,389225,2037,4558,1171.0450253709294
KS0870300,Wichita,Kansas,2022,violent-crime,389225,1619,3670,942.8993512749695
KY0568000,Louisville,Kentucky,2018,violent-crime,620578,1861,4149,668.57026836272
KY0568000,Louisville,Kentucky,2019,violent-crime,620578,1947,4691,755.9082017087296
KY0568000,Louisville,Kentucky,2020,violent-crime,620578,2083,6364,1025.495586372704
KY0568000,Louisville,Kentucky,2021,violent-crime,620578,2060,6686,1077.382698065352
KY0568000,Louisville,Kentucky,2022,violent-crime,620578,1367,4254,685.489978697279
LANPD0000,New Orleans,Louisiana,2018,violent-crime,399187,1934,4611,1155.0977361487223
LANPD0000,New Orleans,Louisiana,2019,violent-crime,399187,1394,4516,1131.2993659613162
LANPD0000,New Orleans,Louisiana,2020,violent-crime,399187,1869,5215,1306.4052687086503
LANPD0000,New Orleans,Louisiana,2021,violent-crime,399187,1455,5594,1401.3482402984066
LANPD0000,New Orleans,Louisiana,2022,violent-crime,399187,1207,5345,1338.9714594914165
ME0030500,Portland,Maine,2018,violent-crime,66417,106,192,289.0826143908939
ME0030500,Portland,Maine,2019,violent-crime,66417,90,161,242.4078172756975
ME0030500,Portland,Maine,2020,violent-crime,66417,67,129,194.22738154388185
ME0030500,Portland,Maine,2021,violent-crime,66417,73,156,234.87962419260128
ME0030500,Portland,Maine,2022,violent-crime,66417,54,126,189.71046569402412
MDBPD0000,Baltimore,Maryland,2018,violent-crime,594282,1942,11100,1867.8001352893073
MDBPD0000,Baltimore,Maryland,2019,violent-crime,594282,2522,11101,1867.9684055717655
MDBPD0000,Baltimore,Maryland,2020,violent-crime,594282,2284,9398,1581.4041145449467
MDBPD0000,Baltimore,Maryland,2021,violent-crime,594282,1226,4880,821.158978397461
MDBPD0000,Baltimore,Maryland,2022,violent-crime,594282,2544,8861,1491.0429728647343
MA0130100,Boston,Massachusetts,2018,violent-crime,699927,1308,4324,617.7787112084546
MA0130100,Boston,Massachusetts,2019,violent-crime,699927,1176,4276,610.9208531746882
MA0130100,Boston,Massachusetts,2020,violent-crime,699927,1215,4431,633.0660197420588
MA0130100,Boston,Massachusetts,2021,violent-crime,699927,1122,3923,560.4870222180313
MA0130100,Boston,Massachusetts,2022,violent-crime,699927,1048,3955,565.0589275738756
MI8234900,Detroit,Michigan,2018,violent-crime,672662,3708,13495,2006.2081699278392
MI8234900,Detroit,Michigan,2019,violent-crime,672662,4684,13035,1937.8231563549004
MI8234900,Detroit,Michigan,2020,violent-crime,672662,4865,14494,2154.7225798395034
MI8234900,Detroit,Michigan,2021,violent-crime,672662,4950,14498,2155.317232131442
MI8234900,Detroit,Michigan,2022,violent-crime,672662,4604,12710,1889.5076576348895
MN0271100,Minneapolis,Minnesota,2018,violent-crime,427728,865,3395,793.7287247970673
MN0271100,Minneapolis,Minnesota,2019,violent-crime,427728,1187,4034,943.1227322036434
MN0271100,Minneapolis,Minnesota,2020,violent-crime,427728,1236,5073,1186.0341151385928
MN0271100,Minneapolis,Minnesota,2021,violent-crime,427728,1063,5647,1320.2315490218082
MN0271100,Minneapolis,Minnesota,2022,violent-crime,427728,1396,5170,1208.7120787042234
MS0250100,Jackson,Mississippi,2018,violent-crime,164422,290,1252,761.4552797070952
MS0250100,Jackson,Mississippi,2019,violent-crime,164422,260,1338,813.7597158531096
MS0250100,Jackson,Mississippi,2020,violent-crime,164422,273,1614,981.6204644147376
MOKPD0000,Kansas City,Missouri,2018,violent-crime,508090,1756,7915,1557.7948788600445
MOKPD0000,Kansas City,Missouri,2019,violent-crime,508090,1793,7263,1429.4711566848393
MOKPD0000,Kansas City,Missouri,2020,violent-crime,508090,1736,7975,1569.6038103485605
MOKPD0000,Kansas City,Missouri,2021,violent-crime,508090,1659,7416,1459.5839319805546
MOKPD0000,Kansas City,Missouri,2022,violent-crime,508090,1401,7538,1483.5954260072035
MT0560100,Billings,Montana,2018,violent-crime,116827,344,610,522.1395738998691
MT0560100,Billings,Montana,2019,violent-crime,116827,333,698,597.4646271837846
MT0560100,Billings,Montana,2020,violent-crime,116827,442,966,826.863653093891
MT0560100,Billings,Montana,2021,violent-crime,116827,510,1189,1017.7441858474497
MT0560100,Billings,Montana,2022,violent-crime,116827,562,1095,937.2833334759945
NB0280200,Omaha,Nebraska,2018,violent-crime,468262,1785,2628,561.2242718819806
NB0280200,Omaha,Nebraska,2019,violent-crime,468262,1818,2883,615.6809649298897
NB0280200,Omaha,Nebraska,2020,violent-crime,468262,1815,3032,647.5007581225896
NB0280200,Omaha,Nebraska,2022,violent-crime,468262,1344,2713,579.3765028979503
NV0020100,Las Vegas,Nevada,2018,violent-crime,649876,3212,9949,1530.9074346490715
NV0020100,Las Vegas,Nevada,2019,violent-crime,649876,3839,8855,1362.5676282860115
NV0020100,Las Vegas,Nevada,2020,violent-crime,649876,4737,9223,1419.19381543556
NV0020100,Las Vegas,Nevada,2021,violent-crime,649876,4634,8027,1235.1587071995273
NV0020100,Las Vegas,Nevada,2022,violent-crime,649876,4786,8605,1324.0987511463725
NH0063400,Manchester,New Hampshire,2018,violent-crime,112525,360,662,588.3137080648745
NH0063400,Manchester,New Hampshire,2019,violent-crime,112525,302,681,605.1988447011776
NH0063400,Manchester,New Hampshire,2020,violent-crime,112525,315,677,601.6440790935349
NH0063400,Manchester,New Hampshire,2021,violent-crime,112525,238,479,425.6831815152189
NH0063400,Manchester,New Hampshire,2022,violent-crime,112525,242,472,419.462341701844
NJNPD0000,Newark,New Jersey,2018,violent-crime,282090,428,2069,733.4538622425467
NJNPD0000,Newark,New Jersey,2019,violent-crime,282090,342,1742,617.5334113226274
NJNPD0000,Newark,New Jersey,2020,violent-crime,282090,320,1492,528.909213371619
NJNPD0000,Newark,New Jersey,2021,violent-crime,282090,579,1443,511.53887057322135
NJNPD0000,Newark,New Jersey,2022,violent-crime,282090,758,1582,560.8139246339821
NM0010100,Albuquerque,New Mexico,2018,violent-crime,560218,2486,7687,1372.1444152097934
NM0010100,Albuquerque,New Mexico,2019,violent-crime,560218,2501,7615,1359.2922755070347
NM0010100,Albuquerque,New Mexico,2020,violent-crime,560218,2258,7573,1351.7951940137589
NM0010100,Albuquerque,New Mexico,2021,violent-crime,560218,1973,8088,1443.7236932765459
NM0010100,Albuquerque,New Mexico,2022,violent-crime,560218,1457,7737,1381.069512225598
NY0303000,New York City,New York,2018,violent-crime,8879928,29355,46113,519.2947510385219
NY0303000,New York City,New York,2019,violent-crime,8879928,30052,47821,538.5291412272712
NY0303000,New York City,New York,2020,violent-crime,8879928,26768,47959,540.0832078818656
NY0303000,New York City,New York,2022,violent-crime,8879928,0,61293,690.2420830439165
ND0090200,Fargo,North Dakota,2018,violent-crime,124844,241,526,421.3258146166416
ND0090200,Fargo,North Dakota,2019,violent-crime,124844,252,581,465.38079523245005
ND0090200,Fargo,North Dakota,2020,violent-crime,124844,225,591,473.39079170805167
ND0090200,Fargo,North Dakota,2021,violent-crime,124844,268,661,529.4607670372625
ND0090200,Fargo,North Dakota,2022,violent-crime,124844,340,787,630.3867226298421
OHCOP0000,Columbus,Ohio,2018,violent-crime,895477,674,4586,512.1292897528357
OHCOP0000,Columbus,Ohio,2019,violent-crime,895477,804,4637,517.824578409049
OHCOP0000,Columbus,Ohio,2020,violent-crime,895477,924,5233,584.3812850581311
OHCOP0000,Columbus,Ohio,2021,violent-crime,895477,857,5547,619.4463956081507
OHCOP0000,Columbus,Ohio,2022,violent-crime,895477,623,4082,455.84643715025624
OK0550600,Oklahoma City,Oklahoma,2018,violent-crime,649021,2534,5663,872.5449561724505
OK0550600,Oklahoma City,Oklahoma,2019,violent-crime,649021,1586,4791,738.1887489002668
OK0550600,Oklahoma City,Oklahoma,2020,violent-crime,649021,1554,4872,750.6690846675223
OK0550600,Oklahoma City,Oklahoma,2021,violent-crime,649021,1364,4349,670.0861759480819
OK0550600,Oklahoma City,Oklahoma,2022,violent-crime,649021,1936,4448,685.3399196636165
OR0260200,Portland,Oregon,2018,violent-crime,661189,1079,3481,526.4757883146876
OR0260200,Portland,Oregon,2019,violent-crime,661189,1414,3646,551.4308314264151
OR0260200,Portland,Oregon,2020,violent-crime,661189,1416,3783,572.1510793434252
OR0260200,Portland,Oregon,2021,violent-crime,661189,1740,4920,744.1140127860566
OR0260200,Portland,Oregon,2022,violent-crime,661189,1596,4733,715.8316305927655
PAPEP0000,Philadelphia,Pennsylvania,2018,violent-crime,1587828,6438,14420,908.158818209529
PAPEP0000,Philadelphia,Pennsylvania,2019,violent-crime,1587828,6261,13934,877.550968996642
PAPEP0000,Philadelphia,Pennsylvania,2020,violent-crime,1587828,5315,14240,896.8225777603116
PAPEP0000,Philadelphia,Pennsylvania,2021,violent-crime,1587828,3497,12321,775.9656587489325
PAPEP0000,Philadelphia,Pennsylvania,2022,violent-crime,1587828,4848,16202,1020.3875986567815
RI0040900,Providence,Rhode Island,2018,violent-crime,179335,171,827,461.1481305935818
RI0040900,Providence,Rhode Island,2019,violent-crime,179335,187,895,499.06599381046647
RI0040900,Providence,Rhode Island,2020,violent-crime,179335,202,870,485.12560292190597
RI0040900,Providence,Rhode Island,2021,violent-crime,179335,183,741,413.19318593693373
RI0040900,Providence,Rhode Island,2022,violent-crime,179335,207,643,358.54685365377645
SC0100100,Charleston,South Carolina,2018,violent-crime,150277,264,413,274.82582164935417
SC0100100,Charleston,South Carolina,2019,violent-crime,150277,278,516,343.36591760548856
SC0100100,Charleston,South Carolina,2020,violent-crime,150277,311,656,436.52721307984586
SC0100100,Charleston,South Carolina,2021,violent-crime,150277,332,622,413.9023270360734
SC0100100,Charleston,South Carolina,2022,violent-crime,150277,355,571,379.96499797041463
SD0490200,Sioux Falls,South Dakota,2018,violent-crime,181883,481,788,433.24554796215153
SD0490200,Sioux Falls,South Dakota,2019,violent-crime,181883,519,897,493.17418340361667
SD0490200,Sioux Falls,South Dakota,2020,violent-crime,181883,641,1119,615.2306702660502
SD0490200,Sioux Falls,South Dakota,2021,violent-crime,181883,627,1031,566.8479187169775
SD0490200,Sioux Falls,South Dakota,2022,violent-crime,181883,661,1092,600.3859624044029
TN0190100,Nashville,Tennessee,2018,violent-crime,681928,3032,7728,1133.2574699968325
TN0190100,Nashville,Tennessee,2019,violent-crime,681928,2895,7515,1102.0225009091869
TN0190100,Nashville,Tennessee,2020,violent-crime,681928,2282,8090,1186.3422531410943
TN0190100,Nashville,Tennessee,2021,violent-crime,681928,2812,8259,1211.1249281449068
TN0190100,Nashville,Tennessee,2022,violent-crime,681928,2500,7491,1098.5030677725508
TXHPD0000,Houston,Texas,2018,violent-crime,2325502,7145,24210,1041.065541977603
TXHPD0000,Houston,Texas,2019,violent-crime,2325502,6785,25499,1096.4944343199877
TXHPD0000,Houston,Texas,2020,violent-crime,2325502,8174,29707,1277.4446119590523
TXHPD0000,Houston,Texas,2021,violent-crime,2325502,7471,28531,1226.8748855085912
TXHPD0000,Houston,Texas,2022,violent-crime,2325502,6587,25987,1117.4791507382063
UT0180300,Salt Lake City,Utah,2018,violent-crime,200591,643,1491,743.3035380450768
UT0180300,Salt Lake City,Utah,2019,violent-crime,200591,589,1459,727.3506787443106
UT0180300,Salt Lake City,Utah,2020,violent-crime,200591,753,1878,936.2334302137185
UT0180300,Salt Lake City,Utah,2021,violent-crime,200591,784,2009,1001.5404479762303
UT0180300,Salt Lake City,Utah,2022,violent-crime,200591,778,1970,982.0979007034214
VT0040100,Burlington,Vermont,2018,violent-crime,44743,68,101,225.7336343115124
VT0040100,Burlington,Vermont,2019,violent-crime,44743,109,157,350.89287709809355
VT0040100,Burlington,Vermont,2020,violent-crime,44743,109,159,355.3628500547572
VT0040100,Burlington,Vermont,2021,violent-crime,44743,104,152,339.71794470643454
VT0040100,Burlington,Vermont,2022,violent-crime,44743,124,183,409.0025255347205
VA1280000,Virginia Beach,Virginia,2018,violent-crime,450189,380,578,128.3905204258656
VA1280000,Virginia Beach,Virginia,2019,violent-crime,450189,396,582,129.2790361381553
VA1280000,Virginia Beach,Virginia,2020,violent-crime,450189,284,459,101.9571779852462
VA1280000,Virginia Beach,Virginia,2021,violent-crime,450189,320,515,114.39639795730238
VA1280000,Virginia Beach,Virginia,2022,violent-crime,450189,243,400,88.85157122897272
WASPD0000,Seattle,Washington,2018,violent-crime,754567,1922,5026,666.077366224603
WASPD0000,Seattle,Washington,2019,violent-crime,754567,1823,5015,664.619576525345
WASPD0000,Seattle,Washington,2020,violent-crime,754567,1631,4881,646.8610474616568
WASPD0000,Seattle,Washington,2021,violent-crime,754567,1840,5924,785.0860162185729
WASPD0000,Seattle,Washington,2022,violent-crime,754567,1929,6115,810.3985464511436
WV0200200,Charleston,West Virginia,2018,violent-crime,47215,82,331,701.0483956369798
WV0200200,Charleston,West Virginia,2019,violent-crime,47215,114,382,809.0649158106534
WV0200200,Charleston,West Virginia,2020,violent-crime,47215,103,424,898.0196971301493
WV0200200,Charleston,West Virginia,2021,violent-crime,47215,84,323,684.1046277665996
WV0200200,Charleston,West Virginia,2022,violent-crime,47215,81,302,639.6272371068517
WIMPD0000,Milwaukee,Wisconsin,2018,violent-crime,592025,3182,8496,1435.074532325493
WIMPD0000,Milwaukee,Wisconsin,2019,violent-crime,592025,2942,7966,1345.5512858409695
WIMPD0000,Milwaukee,Wisconsin,2020,violent-crime,592025,3246,9543,1611.9251720788818
WIMPD0000,Milwaukee,Wisconsin,2021,violent-crime,592025,3669,9520,1608.0402010050252
WIMPD0000,Milwaukee,Wisconsin,2022,violent-crime,592025,2932,8474,1431.3584730374562
WY0110100,Cheyenne,Wyoming,2018,violent-crime,63957,77,207,323.654955673343
WY0110100,Cheyenne,Wyoming,2019,violent-crime,63957,78,220,343.9811123098332
WY0110100,Cheyenne,Wyoming,2020,violent-crime,63957,242,244,381.50632456181495
WY0110100,Cheyenne,Wyoming,2021,violent-crime,63957,56,211,329.90915771534
WY0110100,Cheyenne,Wyoming,2022,violent-crime,63957,43,181,283.00264240036273
AL0030100,Montgomery,Alabama,2018,violent-crime,200603,200,1216,606.1723902434161
AL0030100,Montgomery,Alabama,2020,violent-crime,200603,100,522,260.2154504169928
AL0030100,Montgomery,Alabama,2021,violent-crime,200603,0,8,3.987976251601422
AL0030100,Montgomery,Alabama,2022,violent-crime,200603,0,13,6.48046140885231
AK0010300,Juneau,Alaska,2018,violent-crime,32197,175,264,819.9521694567818
AK0010300,Juneau,Alaska,2019,violent-crime,32197,222,289,897.599155200795
AK0010300,Juneau,Alaska,2020,violent-crime,32197,235,296,919.3403112091188
AK0010300,Juneau,Alaska,2022,violent-crime,32197,135,197,611.8582476628258
AZ0100300,Tucson,Arizona,2018,violent-crime,545975,862,3958,724.9416182059618
AZ0100300,Tucson,Arizona,2019,violent-crime,545975,839,3775,691.4235999816842
AZ0100300,Tucson,Arizona,2020,violent-crime,545975,1111,3843,703.878382709831
AR0720100,Fayetteville,Arkansas,2018,violent-crime,93949,201,500,532.2036424017286
AR0720100,Fayetteville,Arkansas,2019,violent-crime,93949,172,401,426.8273212061863
AR0720100,Fayetteville,Arkansas,2020,violent-crime,93949,207,524,557.7494172370116
AR0720100,Fayetteville,Arkansas,2021,violent-crime,93949,190,568,604.5833377683637
AR0720100,Fayetteville,Arkansas,2022,violent-crime,93949,218,486,517.3019404144802
CA0371100,San Diego,California,2018,violent-crime,1425976,2368,5360,375.8829040600964
CA0371100,San Diego,California,2019,violent-crime,1425976,2203,5215,365.7144299763811
CA0371100,San Diego,California,2020,violent-crime,1425976,1984,5303,371.88564183408414
CA0371100,San Diego,California,2021,violent-crime,1425976,854,5770,404.6351411243948
CA0371100,San Diego,California,2022,violent-crime,1425976,1892,5932,415.99578113516634
CO0210100,Colorado Springs,Colorado,2018,violent-crime,483829,1275,2800,578.7168607090522
CO0210100,Colorado Springs,Colorado,2019,violent-crime,483829,1451,2886,596.4917357165444
CO0210100,Colorado Springs,Colorado,2020,violent-crime,483829,1561,2997,619.4337255517962
CO0210100,Colorado Springs,Colorado,2021,violent-crime,483829,735,2952,610.1329188618292
CO0210100,Colorado Springs,Colorado,2022,violent-crime,483829,1435,3135,647.956199401028
CT0013500,Stamford,Connecticut,2018,violent-crime,135470,142,230,169.7792869269949
CT0013500,Stamford,Connecticut,2019,violent-crime,135470,135,262,193.400752934229
CT0013500,Stamford,Connecticut,2020,violent-crime,135470,144,293,216.284048128737
CT0013500,Stamford,Connecticut,2021,violent-crime,135470,123,268,197.82977781058537
CT0013500,Stamford,Connecticut,2022,violent-crime,135470,134,264,194.87709455968113
DE0010100,Dover,Delaware,2018,violent-crime,38079,234,301,790.4619343995378
DE0010100,Dover,Delaware,2019,violent-crime,38079,216,332,871.87163528454
DE0010100,Dover,Delaware,2020,violent-crime,38079,198,326,856.1149189842171
DE0010100,Dover,Delaware,2021,violent-crime,38079,247,355,932.2723811024449
DE0010100,Dover,Delaware,2022,violent-crime,38079,221,315,827.2276057669582
FL0130600,Miami,Florida,2018,violent-crime,467963,1390,2978,636.3750980312547
FL0130600,Miami,Florida,2019,violent-crime,467963,1189,2850,609.02250818975
FL0130600,Miami,Florida,2020,violent-crime,467963,1291,2645,565.2156260217154
FL0130600,Miami,Florida,2022,violent-crime,467963,410,974,208.13611332519878
GA1060100,Columbus,Georgia,2018,violent-crime,206922,338,1043,504.05466794250975
GA1060100,Columbus,Georgia,2019,violent-crime,206922,232,618,298.66326441847656
GA1060100,Columbus,Georgia,2020,violent-crime,206922,39,264,127.58430713022298
GA1060100,Columbus,Georgia,2021,violent-crime,206922,51,356,172.0455050695431
GA1060100,Columbus,Georgia,2022,violent-crime,206922,361,1292,624.389866713061
ID0010300,Meridian,Idaho,2018,violent-crime,106894,89,170,159.03605440904073
ID0010300,Meridian,Idaho,2019,violent-crime,106894,111,185,173.06864744513257
ID0010300,Meridian,Idaho,2020,violent-crime,106894,91,205,191.778771493255
ID0010300,Meridian,Idaho,2021,violent-crime,106894,119,224,209.5533893389713
ID0010300,Meridian,Idaho,2022,violent-crime,106894,120,186,174.0041536475387
IL0450100,Aurora,Illinois,2018,violent-crime,198187,0,538,271.46079208020706
IL0450100,Aurora,Illinois,2019,violent-crime,198187,0,516,260.3601648947711
IL0450100,Aurora,Illinois,2020,violent-crime,198187,0,659,332.514241600105
IN0020100,Fort Wayne,Indiana,2018,violent-crime,267633,349,1024,382.6135043137431
IN0020100,Fort Wayne,Indiana,2019,violent-crime,267633,283,975,364.30485029872995
IN0020100,Fort Wayne,Indiana,2020,violent-crime,267633,400,1124,419.978104344382
IN0020100,Fort Wayne,Indiana,2021,violent-crime,267633,164,706,263.7940762163111
IN0020100,Fort Wayne,Indiana,2022,violent-crime,267633,187,702,262.2994922150856
IA0570100,Cedar Rapids,Iowa,2018,violent-crime,133174,130,354,265.81765209425265
IA0570100,Cedar Rapids,Iowa,2019,violent-crime,133174,164,391,293.6008530193581
IA0570100,Cedar Rapids,Iowa,2020,violent-crime,133174,188,435,326.64033520056466
IA0570100,Cedar Rapids,Iowa,2021,violent-crime,133174,229,471,353.67263880337003
IA0570100,Cedar Rapids,Iowa,2022,violent-crime,133174,213,433,325.13854055596437
KS0460600,Overland Park,Kansas,2018,violent-crime,197219,236,440,223.10223659992192
KS0460600,Overland Park,Kansas,2019,violent-crime,197219,162,367,186.08754734584397
KS0460600,Overland Park,Kansas,2020,violent-crime,197219,277,415,210.42597315674453
KS0460600,Overland Park,Kansas,2021,violent-crime,197219,309,479,242.87720757127863
KS0460600,Overland Park,Kansas,2022,violent-crime,197219,298,437,221.58108498674065
KY0340200,Lexington,Kentucky,2018,violent-crime,323780,406,1001,309.16054110815986
KY0340200,Lexington,Kentucky,2019,violent-crime,323780,458,986,304.52776576687876
KY0340200,Lexington,Kentucky,2020,violent-crime,323780,498,1063,328.3093458521218
KY0340200,Lexington,Kentucky,2021,violent-crime,323780,371,978,302.05695225152886
KY0340200,Lexington,Kentucky,2022,violent-crime,323780,381,868,268.0832664154673
LA0170200,Baton Rouge,Louisiana,2018,violent-crime,221599,640,2067,932.7659420845762
LA0170200,Baton Rouge,Louisiana,2019,violent-crime,221599,555,2066,932.314676510273
LA0170200,Baton Rouge,Louisiana,2020,violent-crime,221599,552,2087,941.7912535706388
LA0170200,Baton Rouge,Louisiana,2021,violent-crime,221599,490,2763,1246.846781799557
LA0170200,Baton Rouge,Louisiana,2022,violent-crime,221599,462,2260,1019.8601979250809
ME0010200,Lewiston,Maine,2018,violent-crime,35944,49,84,233.6968617849989
ME0010200,Lewiston,Maine,2019,violent-crime,35944,46,111,308.81371021589143
ME0010200,Lewiston,Maine,2020,violent-crime,35944,71,97,269.8642332517249
ME0010200,Lewiston,Maine,2021,violent-crime,35944,73,97,269.8642332517249
ME0010200,Lewiston,Maine,2022,violent-crime,35944,46,101,280.9926552414868
MA0146000,Worcester,Massachusetts,2018,violent-crime,185877,617,1278,687.5514453106086
MA0146000,Worcester,Massachusetts,2019,violent-crime,185877,567,1169,628.9105160939761
MA0146000,Worcester,Massachusetts,2020,violent-crime,185877,516,1171,629.986496446575
MA0146000,Worcester,Massachusetts,2021,violent-crime,185877,506,1204,647.7401722644545
MA0146000,Worcester,Massachusetts,2022,violent-crime,185877,443,1245,669.7977694927291
MI4143600,Grand Rapids,Michigan,2018,violent-crime,200217,377,1320,659.2846761264028
MI4143600,Grand Rapids,Michigan,2019,violent-crime,200217,390,1299,648.7960562789374
MI4143600,Grand Rapids,Michigan,2020,violent-crime,200217,494,1951,974.4427296383425
MI4143600,Grand Rapids,Michigan,2021,violent-crime,200217,237,1974,985.930265661757
MI4143600,Grand Rapids,Michigan,2022,violent-crime,200217,167,1926,961.9562774389786
MS0240200,Gulfport,Mississippi,2018,violent-crime,71870,134,389,541.255043829136
MS0240200,Gulfport,Mississippi,2019,violent-crime,71870,106,241,335.3276749686935
MS0240200,Gulfport,Mississippi,2020,violent-crime,71870,132,321,446.63976624460827
MS0240200,Gulfport,Mississippi,2021,violent-crime,71870,155,310,431.33435369417003
MS0240200,Gulfport,Mississippi,2022,violent-crime,71870,74,180,250.4522053708084
MT0320100,Missoula,Montana,2018,violent-crime,74428,134,342,459.50448755844576
MT0320100,Missoula,Montana,2019,violent-crime,74428,150,322,432.6328800988875
MT0320100,Missoula,Montana,2020,violent-crime,74428,216,400,537.4321491911646
MT0320100,Missoula,Montana,2021,violent-crime,74428,306,499,670.4466061159778
MT0320100,Missoula,Montana,2022,violent-crime,74428,304,480,644.9185790293976
NB0550100,Lincoln,Nebraska,2018,violent-crime,287401,433,1045,363.6034669329613
NB0550100,Lincoln,Nebraska,2019,violent-crime,287401,411,1115,387.9596800289491
NB0550100,Lincoln,Nebraska,2020,violent-crime,287401,443,1090,379.26103249466775
NB0550100,Lincoln,Nebraska,2021,violent-crime,287401,450,1245,433.19264720721225
NB0550100,Lincoln,Nebraska,2022,violent-crime,287401,416,1123,390.7432472399191
NV0020300,Henderson,Nevada,2018,violent-crime,317189,358,582,183.48681700815604
NV0020300,Henderson,Nevada,2019,violent-crime,317189,389,543,171.19130865193938
NV0020300,Henderson,Nevada,2020,violent-crime,317189,406,687,216.5901087364316
NV0020300,Henderson,Nevada,2021,violent-crime,317189,382,772,243.38801156408323
NV0020300,Henderson,Nevada,2022,violent-crime,317189,539,985,310.54040335572796
NH0064600,Nashua,New Hampshire,2018,violent-crime,89246,56,130,145.66479169934786
NH0064600,Nashua,New Hampshire,2019,violent-crime,89246,67,132,147.90578849472243
NH0064600,Nashua,New Hampshire,2020,violent-crime,89246,48,107,119.89332855254017
NH0064600,Nashua,New Hampshire,2021,violent-crime,89246,52,139,155.7492772785335
NH0064600,Nashua,New Hampshire,2022,violent-crime,89246,87,143,160.23127086928264
NJ0090600,Jersey City,New Jersey,2018,violent-crime,265549,455,1233,464.3210857506524
NJ0090600,Jersey City,New Jersey,2019,violent-crime,265549,575,1393,524.5736191813941
NJ0090600,Jersey City,New Jersey,2020,violent-crime,265549,476,1167,439.4669157104715
NJ0090600,Jersey City,New Jersey,2021,violent-crime,265549,144,491,184.89996196558826
NJ0090600,Jersey City,New Jersey,2022,violent-crime,265549,241,609,229.33620537076018
NM0070100,Las Cruces,New Mexico,2018,violent-crime,102926,139,417,405.14544429978815
NM0070100,Las Cruces,New Mexico,2019,violent-crime,102926,122,520,505.21734061364475
NM0070100,Las Cruces,New Mexico,2020,violent-crime,102926,142,551,535.3360666886889
NM0070100,Las Cruces,New Mexico,2021,violent-crime,102926,178,637,618.8912422517149
NM0070100,Las Cruces,New Mexico,2022,violent-crime,102926,179,704,683.9865534461652
NY0140100,Buffalo,New York,2018,violent-crime,278349,1253,2692,967.1311914179681
NY0140100,Buffalo,New York,2019,violent-crime,278349,1086,2533,910.0086581952871
NY0140100,Buffalo,New York,2020,violent-crime,278349,704,2684,964.2571016960721
NY0140100,Buffalo,New York,2021,violent-crime,278349,609,2427,871.9269693801665
NY0140100,Buffalo,New York,2022,violent-crime,278349,613,2030,729.3002669310829
NC0920100,Raleigh,North Carolina,2018,violent-crime,478956,23,112,23.384193955185864
NC0920100,Raleigh,North Carolina,2019,violent-crime,478956,126,1468,306.49997076975757
NC0920100,Raleigh,North Carolina,2020,violent-crime,478956,395,1913,399.41038425241567
NC0920100,Raleigh,North Carolina,2021,violent-crime,478956,369,2248,469.3541786719448
NC0920100,Raleigh,North Carolina,2022,violent-crime,478956,449,2353,491.27686050493156
ND0080100,Bismarck,North Dakota,2018,violent-crime,73112,143,225,307.74701827333405
ND0080100,Bismarck,North Dakota,2019,violent-crime,73112,133,236,322.79242805558596
ND0080100,Bismarck,North Dakota,2020,violent-crime,73112,138,265,362.45759929970455
ND0080100,Bismarck,North Dakota,2021,violent-crime,73112,118,217,296.80490206805996
ND0080100,Bismarck,North Dakota,2022,violent-crime,73112,132,231,315.95360542728963
OHCLP0000,Cleveland,Ohio,2018,violent-crime,382817,805,5996,1566.2836289924428
OHCLP0000,Cleveland,Ohio,2019,violent-crime,382817,915,5842,1526.0555304492748
OHCLP0000,Cleveland,Ohio,2020,violent-crime,382817,842,6370,1663.980439740137
OHCLP0000,Cleveland,Ohio,2021,violent-crime,382817,910,6442,1682.7883819161636
OHCLP0000,Cleveland,Ohio,2022,violent-crime,382817,778,5870,1533.369730184396
OK0720500,Tulsa,Oklahoma,2018,violent-crime,400669,1186,4294,1071.7075690906959
OK0720500,Tulsa,Oklahoma,2019,violent-crime,400669,1236,3964,989.3453199523797
OK0720500,Tulsa,Oklahoma,2020,violent-crime,400669,1624,4555,1136.8486206819096
OK0720500,Tulsa,Oklahoma,2021,violent-crime,400669,1294,4502,1123.6207443051496
OK0720500,Tulsa,Oklahoma,2022,violent-crime,400669,902,3810,950.9096036878321
OR0240200,Salem,Oregon,2018,violent-crime,173442,448,727,419.16029566079726
OR0240200,Salem,Oregon,2019,violent-crime,173442,473,712,410.5118714036969
OR0240200,Salem,Oregon,2020,violent-crime,173442,419,709,408.7821865522768
OR0240200,Salem,Oregon,2021,violent-crime,173442,485,824,475.0867725233796
OR0240200,Salem,Oregon,2022,violent-crime,173442,533,866,499.30236044326057
PAPPD0000,Pittsburgh,Pennsylvania,2018,violent-crime,301048,1047,1751,581.6348223539104
PAPPD0000,Pittsburgh,Pennsylvania,2019,violent-crime,301048,918,1574,522.8402115277298
PAPPD0000,Pittsburgh,Pennsylvania,2020,violent-crime,301048,887,1530,508.22460205681483
PAPPD0000,Pittsburgh,Pennsylvania,2022,violent-crime,301048,885,1536,510.2176397119396
RI0040200,Cranston,Rhode Island,2018,violent-crime,81274,72,118,145.18788296380146
RI0040200,Cranston,Rhode Island,2019,violent-crime,81274,78,127,156.2615350542609
RI0040200,Cranston,Rhode Island,2020,violent-crime,81274,68,112,137.8054482368285
RI0040200,Cranston,Rhode Island,2021,violent-crime,81274,60,113,139.03585402465734
RI0040200,Cranston,Rhode Island,2022,violent-crime,81274,54,98,120.57976720722495
SC0400100,Columbia,South Carolina,2018,violent-crime,136632,407,1055,772.1470812108437
SC0400100,Columbia,South Carolina,2019,violent-crime,136632,419,1039,760.4367937232859
SC0400100,Columbia,South Carolina,2020,violent-crime,136632,403,1002,733.3567539083085
SC0400100,Columbia,South Carolina,2021,violent-crime,136632,253,962,704.0810351894139
SC0400100,Columbia,South Carolina,2022,violent-crime,136632,212,825,603.8116985772001
SD0510100,Rapid City,South Dakota,2018,violent-crime,75443,189,492,652.1479792691171
SD0510100,Rapid City,South Dakota,2019,violent-crime,75443,215,540,715.7721723685431
SD0510100,Rapid City,South Dakota,2020,violent-crime,75443,230,668,885.436687300346
SD0510100,Rapid City,South Dakota,2021,violent-crime,75443,174,535,709.1446522540195
SD0510100,Rapid City,South Dakota,2022,violent-crime,75443,213,532,705.1681401853054
TNMPD0000,Memphis,Tennessee,2018,violent-crime,650618,3210,12783,1964.7473632761466
TNMPD0000,Memphis,Tennessee,2019,violent-crime,650618,3479,12500,1921.2502574475345
TNMPD0000,Memphis,Tennessee,2020,violent-crime,650618,3819,15404,2367.5951172577456
TNMPD0000,Memphis,Tennessee,2021,violent-crime,650618,3373,15816,2430.9195257432166
TNMPD0000,Memphis,Tennessee,2022,violent-crime,650618,3170,15129,2325.3276115939
TXSPD0000,San Antonio,Texas,2018,violent-crime,1532233,2292,9647,629.6039832062095
TXSPD0000,San Antonio,Texas,2019,violent-crime,1532233,2680,11046,720.9086346528237
TXSPD0000,San Antonio,Texas,2020,violent-crime,1532233,2915,11713,764.4398730480286
TXSPD0000,San Antonio,Texas,2021,violent-crime,1532233,2060,11155,728.022435230151
TXSPD0000,San Antonio,Texas,2022,violent-crime,1532233,2374,12935,844.1927565846709
VT0040300,South Burlington,Vermont,2018,violent-crime,20292,14,30,147.84151389710232
VT0040300,South Burlington,Vermont,2019,violent-crime,20292,12,17,83.77685787502465
VT0040300,South Burlington,Vermont,2020,violent-crime,20292,24,30,147.84151389710232
VT0040300,South Burlington,Vermont,2021,violent-crime,20292,38,49,241.47447269860044
VT0040300,South Burlington,Vermont,2022,violent-crime,20292,40,60,295.68302779420463
VA1170000,Norfolk,Virginia,2018,violent-crime,244076,192,1152,471.9841360887592
VA1170000,Norfolk,Virginia,2019,violent-crime,244076,253,1342,549.8287418672872
VA1170000,Norfolk,Virginia,2020,violent-crime,244076,384,1568,642.422851898589
VA1170000,Norfolk,Virginia,2021,violent-crime,244076,499,1811,741.9820056048117
VA1170000,Norfolk,Virginia,2022,violent-crime,244076,502,1640,671.9218604041365
WA0320400,Spokane,Washington,2018,violent-crime,219190,554,1769,807.0623659838498
WA0320400,Spokane,Washington,2019,violent-crime,219190,573,1547,705.7803731922077
WA0320400,Spokane,Washington,2020,violent-crime,219190,494,1373,626.3971896528126
WA0320400,Spokane,Washington,2021,violent-crime,219190,480,1481,675.6695104703682
WA0320400,Spokane,Washington,2022,violent-crime,219190,544,1541,703.0430220356768
WV0060200,Huntington,West Virginia,2018,violent-crime,46048,91,410,890.3752605976373
WV0060200,Huntington,West Virginia,2019,violent-crime,46048,66,331,718.815149409312
WV0060200,Huntington,West Virginia,2020,violent-crime,46048,68,368,799.1660875608061
WV0060200,Huntington,West Virginia,2021,violent-crime,46048,54,293,636.2925642807505
WV0060200,Huntington,West Virginia,2022,violent-crime,46048,57,288,625.4343293954136
WI0130100,Madison,Wisconsin,2018,violent-crime,258054,598,1011,391.77846497244764
WI0130100,Madison,Wisconsin,2019,violent-crime,258054,541,949,367.752485913801
WI0130100,Madison,Wisconsin,2020,violent-crime,258054,488,854,330.93848574329405
WI0130100,Madison,Wisconsin,2021,violent-crime,258054,499,828,320.8630751703132
WI0130100,Madison,Wisconsin,2022,violent-crime,258054,582,810,313.8877909274803
WY0130100,Casper,Wyoming,2018,violent-crime,57461,63,117,203.61636588294667
WY0130100,Casper,Wyoming,2019,violent-crime,57461,107,156,271.4884878439289
WY0130100,Casper,Wyoming,2020,violent-crime,57461,50,124,215.79854161953324
AL0010200,Birmingham,Alabama,2018,violent-crime,197575,861,4025,2037.2010628875112
AL0010200,Birmingham,Alabama,2020,violent-crime,197575,241,866,438.3145640895862
AL0010200,Birmingham,Alabama,2021,violent-crime,197575,322,3134,1586.2330760470709
AL0010200,Birmingham,Alabama,2022,violent-crime,197575,393,3280,1660.1290649120588
AK0010200,Fairbanks,Alaska,2018,violent-crime,31516,121,193,612.3873588018783
AK0010200,Fairbanks,Alaska,2019,violent-crime,31516,116,247,783.728899606549
AK0010200,Fairbanks,Alaska,2020,violent-crime,31516,115,260,824.9777890595253
AK0010200,Fairbanks,Alaska,2021,violent-crime,31516,87,257,815.458814570377
AK0010200,Fairbanks,Alaska,2022,violent-crime,31516,111,271,859.8806955197359
AZ0071700,Mesa,Arizona,2018,violent-crime,508958,884,1837,360.9335151427033
AZ0071700,Mesa,Arizona,2019,violent-crime,508958,823,1953,383.7251796808381
AZ0071700,Mesa,Arizona,2020,violent-crime,508958,813,1994,391.78085421586854
AZ0071700,Mesa,Arizona,2021,violent-crime,508958,915,2113,415.1619583541275
AZ0071700,Mesa,Arizona,2022,violent-crime,508958,967,2193,430.88034769077217
AR0660100,Fort Smith,Arkansas,2018,violent-crime,89142,544,734,823.4053532566019
AR0660100,Fort Smith,Arkansas,2019,violent-crime,89142,668,862,966.9964775302327
AR0660100,Fort Smith,Arkansas,2020,violent-crime,89142,696,1031,1156.581633797761
AR0660100,Fort Smith,Arkansas,2021,violent-crime,89142,688,998,1119.5620470709653
AR0660100,Fort Smith,Arkansas,2022,violent-crime,89142,733,940,1054.4973188844765
CA0431300,San Jose,California,2018,violent-crime,1030119,1393,4444,431.4064685730484
CA0431300,San Jose,California,2019,violent-crime,1030119,1578,4559,442.57022732325095
CA0431300,San Jose,California,2020,violent-crime,1030119,1537,4375,424.7082133229268
CA0431300,San Jose,California,2022,violent-crime,1030119,1895,5046,489.8463187262831
CO0010100,Aurora,Colorado,2018,violent-crime,374114,1036,2739,732.1297786236281
CO0010100,Aurora,Colorado,2019,violent-crime,374114,1130,2819,753.5136348813463
CO0010100,Aurora,Colorado,2020,violent-crime,374114,1145,3476,929.1285543978573
CO0010100,Aurora,Colorado,2021,violent-crime,374114,1252,3938,1052.6203242861802
CO0010100,Aurora,Colorado,2022,violent-crime,374114,1260,4225,1129.3349086107444
CT0009300,New Haven,Connecticut,2018,violent-crime,134023,541,1114,831.2006148198443
CT0009300,New Haven,Connecticut,2019,violent-crime,134023,482,1168,871.4922065615604
CT0009300,New Haven,Connecticut,2020,violent-crime,134023,299,930,693.9107466628863
CT0009300,New Haven,Connecticut,2021,violent-crime,134023,311,827,617.058266118502
CT0009300,New Haven,Connecticut,2022,violent-crime,134023,302,756,564.0822843840236
DE0020500,Newark,Delaware,2018,violent-crime,33673,69,101,299.94357497104505
DE0020500,Newark,Delaware,2019,violent-crime,33673,69,91,270.24619131054556
DE0020500,Newark,Delaware,2020,violent-crime,33673,43,82,243.518546016096
DE0020500,Newark,Delaware,2021,violent-crime,33673,71,99,294.0040982389452
DE0020500,Newark,Delaware,2022,violent-crime,33673,66,85,252.42776111424584
FL0290200,Tampa,Florida,2018,violent-crime,384959,1016,1598,415.1091414929902
FL0290200,Tampa,Florida,2019,violent-crime,384959,996,1622,421.3435716530852
FL0290200,Tampa,Florida,2020,violent-crime,384959,1157,2119,550.4482295517186
FL0290200,Tampa,Florida,2021,violent-crime,384959,737,1712,444.7226847534413
FL0290200,Tampa,Florida,2022,violent-crime,384959,874,1938,503.43023542766895
ID0140200,Nampa,Idaho,2018,violent-crime,96252,115,257,267.0074388064663
ID0140200,Nampa,Idaho,2019,violent-crime,96252,152,294,305.44819847899265
ID0140200,Nampa,Idaho,2020,violent-crime,96252,177,328,340.77213979969247
ID0140200,Nampa,Idaho,2021,violent-crime,96252,188,370,384.40759672526286
ID0140200,Nampa,Idaho,2022,violent-crime,96252,165,392,407.26426463865687
IL0221400,Naperville,Illinois,2018,violent-crime,148304,0,128,86.3092027187399
IL0221400,Naperville,Illinois,2019,violent-crime,148304,0,92,62.03473945409429
IL0221400,Naperville,Illinois,2020,violent-crime,148304,0,99,66.75477397777539
IL0221400,Naperville,Illinois,2021,violent-crime,148304,12,42,28.320207142086524
IL0221400,Naperville,Illinois,2022,violent-crime,148304,26,78,52.594670406732114
IN0820100,Evansville,Indiana,2018,violent-crime,117963,356,675,572.2133211261158
IN0820100,Evansville,Indiana,2019,violent-crime,117963,393,721,611.2085993065623
IN0820100,Evansville,Indiana,2020,violent-crime,117963,584,1188,1007.0954451819639
IN0820100,Evansville,Indiana,2021,violent-crime,117963,481,874,740.9102854284818
IN0820100,Evansville,Indiana,2022,violent-crime,117963,448,832,705.3059010028569
IA0820200,Davenport,Iowa,2018,violent-crime,102085,244,651,637.7038742224616
IA0820200,Davenport,Iowa,2019,violent-crime,102085,240,609,596.5616887887545
IA0820200,Davenport,Iowa,2020,violent-crime,102085,233,746,730.7635793701328
IA0820200,Davenport,Iowa,2021,violent-crime,102085,232,670,656.3158152519959
IA0820200,Davenport,Iowa,2022,violent-crime,102085,257,701,686.6826664054464
KY1140100,Bowling Green,Kentucky,2018,violent-crime,68401,62,217,317.2468238768439
KY1140100,Bowling Green,Kentucky,2019,violent-crime,68401,64,212,309.93698922530376
KY1140100,Bowling Green,Kentucky,2020,violent-crime,68401,95,262,383.0353357407056
KY1140100,Bowling Green,Kentucky,2021,violent-crime,68401,78,242,353.79599713454485
KY1140100,Bowling Green,Kentucky,2022,violent-crime,68401,94,212,309.93698922530376
LA0090100,Shreveport,Louisiana,2018,violent-crime,185902,351,1588,854.2135103441599
LA0090100,Shreveport,Louisiana,2019,violent-crime,185902,316,1462,786.4358640574067
LA0090100,Shreveport,Louisiana,2020,violent-crime,185902,278,1713,921.4532388032404
LA0090100,Shreveport,Louisiana,2021,violent-crime,185902,309,1686,906.929457456079
LA0090100,Shreveport,Louisiana,2022,violent-crime,185902,287,1466,788.5875353680972
ME0100100,Bangor,Maine,2018,violent-crime,31997,57,56,175.01640778823014
ME0100100,Bangor,Maine,2019,violent-crime,31997,39,35,109.38525486764385
ME0100100,Bangor,Maine,2020,violent-crime,31997,50,51,159.38994280713817
ME0100100,Bangor,Maine,2021,violent-crime,31997,35,63,196.8934587617589
ME0100100,Bangor,Maine,2022,violent-crime,31997,29,52,162.51523580335657
MA0071800,Springfield,Massachusetts,2018,violent-crime,155032,444,1541,993.9883378915321
MA0071800,Springfield,Massachusetts,2019,violent-crime,155032,405,1398,901.7493162701893
MA0071800,Springfield,Massachusetts,2020,violent-crime,155032,444,1482,955.9316786211879
MA0071800,Springfield,Massachusetts,2021,violent-crime,155032,435,1443,930.7755818153671
MA0071800,Springfield,Massachusetts,2022,violent-crime,155032,406,1337,862.4026007533928
MI5080600,Warren,Michigan,2018,violent-crime,134587,334,697,517.8806274008633
MI5080600,Warren,Michigan,2019,violent-crime,134587,345,652,484.4450058326584
MI5080600,Warren,Michigan,2020,violent-crime,134587,357,688,511.1935030872224
MI5080600,Warren,Michigan,2021,violent-crime,134587,425,729,541.6570694049202
MI5080600,Warren,Michigan,2022,violent-crime,134587,396,670,497.8192544599404
MN0550100,Rochester,Minnesota,2018,violent-crime,117902,136,227,192.53278146257063
MN0550100,Rochester,Minnesota,2019,violent-crime,117902,137,245,207.7996980543163
MN0550100,Rochester,Minnesota,2020,violent-crime,117902,138,260,220.52212854743772
MN0550100,Rochester,Minnesota,2021,violent-crime,117902,155,292,247.66331359943
MN0550100,Rochester,Minnesota,2022,violent-crime,117902,165,271,229.85191090906008
MS0170100,Southaven,Mississippi,2018,violent-crime,54944,24,68,123.76237623762377
MS0170100,Southaven,Mississippi,2019,violent-crime,54944,46,94,171.08328479906814
MS0170100,Southaven,Mississippi,2020,violent-crime,54944,64,123,223.86429819452533
MS0170100,Southaven,Mississippi,2021,violent-crime,54944,94,160,291.20559114735
MS0170100,Southaven,Mississippi,2022,violent-crime,54944,57,128,232.96447291788004
MO0390300,Springfield,Missouri,2018,violent-crime,168122,1061,2218,1319.2800466328024
MO0390300,Springfield,Missouri,2019,violent-crime,168122,1263,2571,1529.246618527022
MO0390300,Springfield,Missouri,2020,violent-crime,168122,1117,2672,1589.3220399471813
MO0390300,Springfield,Missouri,2021,violent-crime,168122,1185,2668,1586.9428153364818
MO0390300,Springfield,Missouri,2022,violent-crime,168122,1022,2408,1432.2932156410225
MT0070100,Great Falls,Montana,2018,violent-crime,58701,185,336,572.3922931466244
MT0070100,Great Falls,Montana,2019,violent-crime,58701,233,309,526.3964838759135
MT0070100,Great Falls,Montana,2020,violent-crime,58701,197,275,468.475835164648
MT0070100,Great Falls,Montana,2021,violent-crime,58701,237,326,555.3568082315463
MT0070100,Great Falls,Montana,2022,violent-crime,58701,218,300,511.0645474523432
NB0770100,Bellevue,Nebraska,2018,violent-crime,53627,45,127,236.82100434482632
NB0770100,Bellevue,Nebraska,2019,violent-crime,53627,42,118,220.03841348574412
NB0770100,Bellevue,Nebraska,2020,violent-crime,53627,45,98,182.7437671322282
NB0770100,Bellevue,Nebraska,2021,violent-crime,53627,36,83,154.77278236709122
NB0770100,Bellevue,Nebraska,2022,violent-crime,53627,25,115,214.44421653271672
NV0160100,Reno,Nevada,2018,violent-crime,259746,657,1636,629.8460804016231
NV0160100,Reno,Nevada,2019,violent-crime,259746,570,1431,550.9228246055762
NV0160100,Reno,Nevada,2020,violent-crime,259746,597,1578,607.5165738837171
NV0160100,Reno,Nevada,2021,violent-crime,259746,604,1548,595.9668291330761
NV0160100,Reno,Nevada,2022,violent-crime,259746,655,1565,602.5116844917727
NH0071600,Concord,New Hampshire,2018,violent-crime,43412,47,105,241.86860775822356
NH0071600,Concord,New Hampshire,2019,violent-crime,43412,32,68,156.6387174053257
NH0071600,Concord,New Hampshire,2020,violent-crime,43412,43,85,195.79839675665716
NH0071600,Concord,New Hampshire,2021,violent-crime,43412,24,63,145.12116465493412
NH0071600,Concord,New Hampshire,2022,violent-crime,43412,30,61,140.5141435547775
NJ0160800,Paterson,New Jersey,2018,violent-crime,145627,265,1076,738.8739725462998
NJ0160800,Paterson,New Jersey,2019,violent-crime,145627,367,1219,837.0700488233638
NJ0160800,Paterson,New Jersey,2020,violent-crime,145627,426,1432,983.3341344668227
NJ0160800,Paterson,New Jersey,2021,violent-crime,145627,208,623,427.8052833609152
NM0230600,Rio Rancho,New Mexico,2018,violent-crime,98023,112,197,200.97324097405712
NM0230600,Rio Rancho,New Mexico,2019,violent-crime,98023,79,189,192.81189108678575
NM0230600,Rio Rancho,New Mexico,2020,violent-crime,98023,44,75,76.51265519316894
NM0230600,Rio Rancho,New Mexico,2021,violent-crime,98023,243,446,454.99525621537805
NM0230600,Rio Rancho,New Mexico,2022,violent-crime,98023,214,491,500.90284933127936
NY0590700,Yonkers,New York,2018,violent-crime,211569,288,706,333.6972807925547
NY0590700,Yonkers,New York,2019,violent-crime,211569,307,708,334.6425988684543
NY0590700,Yonkers,New York,2020,violent-crime,211569,283,653,308.64635178121557
NY0590700,Yonkers,New York,2021,violent-crime,211569,265,551,260.43512991033657
NY0590700,Yonkers,New York,2022,violent-crime,211569,343,645,304.86507947761726
NC0410200,Greensboro,North Carolina,2018,violent-crime,298329,607,1860,623.4727431795098
NC0410200,Greensboro,North Carolina,2019,violent-crime,298329,455,2454,822.5817805174825
NC0410200,Greensboro,North Carolina,2020,violent-crime,298329,661,2713,909.3986840032313
NC0410200,Greensboro,North Carolina,2021,violent-crime,298329,648,2633,882.5826520385212
NC0410200,Greensboro,North Carolina,2022,violent-crime,298329,579,2447,820.2353777205701
ND0180100,Grand Forks,North Dakota,2018,violent-crime,56948,54,151,265.1541757392709
ND0180100,Grand Forks,North Dakota,2019,violent-crime,56948,82,168,295.00597035892395
ND0180100,Grand Forks,North Dakota,2020,violent-crime,56948,73,164,287.9820186837115
ND0180100,Grand Forks,North Dakota,2021,violent-crime,56948,87,174,305.54189787174266
ND0180100,Grand Forks,North Dakota,2022,violent-crime,56948,89,172,302.0299220341364
OHCIP0000,Cincinnati,Ohio,2018,violent-crime,302605,1262,2579,852.2661555493135
OHCIP0000,Cincinnati,Ohio,2019,violent-crime,302605,1178,2605,860.8582145040565
OHCIP0000,Cincinnati,Ohio,2020,violent-crime,302605,1332,2757,911.0887130087078
OHCIP0000,Cincinnati,Ohio,2021,violent-crime,302605,1219,2533,837.0648204755374
OHCIP0000,Cincinnati,Ohio,2022,violent-crime,302605,1274,2591,856.2317212207333
OK0140200,Norman,Oklahoma,2018,violent-crime,123471,189,348,281.84755934591925
OK0140200,Norman,Oklahoma,2019,violent-crime,123471,213,349,282.6574661256489
OK0140200,Norman,Oklahoma,2020,violent-crime,123471,245,380,307.7645762972682
OK0140200,Norman,Oklahoma,2021,violent-crime,123471,250,414,335.30140680807636
OK0140200,Norman,Oklahoma,2022,violent-crime,123471,258,391,316.67355087429434
OR0200200,Eugene,Oregon,2018,violent-crime,171245,334,669,390.6683406814797
OR0200200,Eugene,Oregon,2019,violent-crime,171245,397,682,398.25980320593305
OR0200200,Eugene,Oregon,2020,violent-crime,171245,403,691,403.51543110747764
OR0200200,Eugene,Oregon,2021,violent-crime,171245,424,723,422.2021080907472
OR0200200,Eugene,Oregon,2022,violent-crime,171245,353,662,386.58063009138954
PA0390100,Allentown,Pennsylvania,2018,violent-crime,126238,153,412,326.36765474738195
PA0390100,Allentown,Pennsylvania,2019,violent-crime,126238,146,471,373.10477035440994
PA0390100,Allentown,Pennsylvania,2020,violent-crime,126238,168,423,335.0813542673363
PA0390100,Allentown,Pennsylvania,2022,violent-crime,126238,85,177,140.211346821084
RI0020300,Warwick,Rhode Island,2018,violent-crime,80847,32,68,84.10949076650958
RI0020300,Warwick,Rhode Island,2019,violent-crime,80847,38,76,94.00472497433424
RI0020300,Warwick,Rhode Island,2020,violent-crime,80847,27,66,81.63568221455341
RI0020300,Warwick,Rhode Island,2021,violent-crime,80847,31,66,81.63568221455341
RI0020300,Warwick,Rhode Island,2022,violent-crime,80847,41,63,77.92496938661917
SC0100800,North Charleston,South Carolina,2018,violent-crime,114852,346,1060,922.9268972242538
SC0100800,North Charleston,South Carolina,2019,violent-crime,114852,350,1119,974.2973565980567
SC0100800,North Charleston,South Carolina,2020,violent-crime,114852,377,1362,1185.8739943579565
SC0100800,North Charleston,South Carolina,2021,violent-crime,114852,403,1244,1083.1330756103507
SC0100800,North Charleston,South Carolina,2022,violent-crime,114852,308,1123,977.78009960645
SD0060100,Aberdeen,South Dakota,2018,violent-crime,28562,84,125,437.6444226594776
SD0060100,Aberdeen,South Dakota,2019,violent-crime,28562,96,165,577.6906379105105
SD0060100,Aberdeen,South Dakota,2020,violent-crime,28562,94,151,528.674462572649
SD0060100,Aberdeen,South Dakota,2021,violent-crime,28562,80,122,427.1409565156502
SD0060100,Aberdeen,South Dakota,2022,violent-crime,28562,72,103,360.61900427140955
TN0470100,Knoxville,Tennessee,2018,violent-crime,187500,772,1522,811.7333333333333
TN0470100,Knoxville,Tennessee,2019,violent-crime,187500,646,1248,665.5999999999999
TN0470100,Knoxville,Tennessee,2020,violent-crime,187500,693,1538,820.2666666666668
TN0470100,Knoxville,Tennessee,2021,violent-crime,187500,683,1597,851.7333333333333
TN0470100,Knoxville,Tennessee,2022,violent-crime,187500,732,1640,874.6666666666666
TXDPD0000,Dallas,Texas,2018,violent-crime,1356785,2059,10338,761.9482821522938
TXDPD0000,Dallas,Texas,2019,violent-crime,1356785,2251,11850,873.3881934131052
TXDPD0000,Dallas,Texas,2020,violent-crime,1356785,2437,12243,902.3537259035146
TXDPD0000,Dallas,Texas,2021,violent-crime,1356785,2578,11140,821.0586054533327
TXDPD0000,Dallas,Texas,2022,violent-crime,1356785,2097,10009,737.6997829427655
UT0250600,Provo,Utah,2018,violent-crime,118178,131,209,176.8518675218738
UT0250600,Provo,Utah,2019,violent-crime,118178,113,135,114.23445988255004
UT0250600,Provo,Utah,2020,violent-crime,118178,119,167,141.312257780636
UT0250600,Provo,Utah,2021,violent-crime,118178,79,142,120.15772817275635
UT0250600,Provo,Utah,2022,violent-crime,118178,116,168,142.15843896495116
VT0040500,Colchester,Vermont,2018,violent-crime,17524,9,14,79.89043597352203
VT0040500,Colchester,Vermont,2019,violent-crime,17524,16,24,136.95503309746633
VT0040500,Colchester,Vermont,2020,violent-crime,17524,9,14,79.89043597352203
VT0040500,Colchester,Vermont,2021,violent-crime,17524,25,29,165.4873316594385
VT0040500,Colchester,Vermont,2022,violent-crime,17524,29,45,256.7906870577494
VA1030000,Chesapeake,Virginia,2018,violent-crime,242634,399,988,407.1976722141168
VA1030000,Chesapeake,Virginia,2019,violent-crime,242634,461,1130,465.72203401007283
VA1030000,Chesapeake,Virginia,2020,violent-crime,242634,414,1039,428.21698525350945
VA1030000,Chesapeake,Virginia,2021,violent-crime,242634,408,1167,480.97133954845566
VA1030000,Chesapeake,Virginia,2022,violent-crime,242634,389,1059,436.4598531120948
WA0270300,Tacoma,Washington,2018,violent-crime,216279,834,1891,874.3336153764351
WA0270300,Tacoma,Washington,2019,violent-crime,216279,700,1864,861.8497403816367
WA0270300,Tacoma,Washington,2020,violent-crime,216279,671,1874,866.4733977871175
WA0270300,Tacoma,Washington,2021,violent-crime,216279,725,2640,1220.6455550469532
WA0270300,Tacoma,Washington,2022,violent-crime,216279,872,3526,1630.3016011725597
WV0310100,Morgantown,West Virginia,2018,violent-crime,30955,45,87,281.0531416572444
WV0310100,Morgantown,West Virginia,2019,violent-crime,30955,37,67,216.44322403488937
WV0310100,Morgantown,West Virginia,2020,violent-crime,30955,27,66,213.2127281537716
WV0310100,Morgantown,West Virginia,2021,violent-crime,30955,57,89,287.5141334194799
WV0310100,Morgantown,West Virginia,2022,violent-crime,30955,45,84,271.36165401389115
WI0050200,Green Bay,Wisconsin,2018,violent-crime,108827,311,488,448.4181315298593
WI0050200,Green Bay,Wisconsin,2019,violent-crime,108827,379,531,487.9303849228593
WI0050200,Green Bay,Wisconsin,2020,violent-crime,108827,372,560,514.5781837227894
WI0050200,Green Bay,Wisconsin,2021,violent-crime,108827,321,498,457.60702766776626
WI0050200,Green Bay,Wisconsin,2022,violent-crime,108827,314,456,419.01366388855706
WY0010100,Laramie,Wyoming,2018,violent-crime,32473,22,32,98.54340529054906
WY0010100,Laramie,Wyoming,2019,violent-crime,32473,27,58,178.6099220891202
WY0010100,Laramie,Wyoming,2020,violent-crime,32473,30,52,160.13303359714223
WY0010100,Laramie,Wyoming,2021,violent-crime,32473,36,73,224.80214331906507
WY0010100,Laramie,Wyoming,2022,violent-crime,32473,18,34,104.7023681212084
AL0020100,Mobile,Alabama,2018,violent-crime,187041,846,1613,862.3777674413632
AL0020100,Mobile,Alabama,2020,violent-crime,187041,144,337,180.1744002651825
AL0020100,Mobile,Alabama,2021,violent-crime,187041,1274,2521,1347.8328280965136
AL0020100,Mobile,Alabama,2022,violent-crime,187041,1299,2218,1185.836260499035
AK0015600,Wasilla,Alaska,2018,violent-crime,10529,34,61,579.352265172381
AK0015600,Wasilla,Alaska,2019,violent-crime,10529,28,48,455.8837496438408
AK0015600,Wasilla,Alaska,2020,violent-crime,10529,39,78,740.8110931712414
AK0015600,Wasilla,Alaska,2021,violent-crime,10529,35,63,598.3474214075411
AK0015600,Wasilla,Alaska,2022,violent-crime,10529,34,53,503.3716402317409
AZ0070500,Chandler,Arizona,2018,violent-crime,257165,222,606,235.64637489549511
AZ0070500,Chandler,Arizona,2019,violent-crime,257165,250,593,230.59125464196137
AZ0070500,Chandler,Arizona,2020,violent-crime,257165,201,543,211.14848443606246
AZ0070500,Chandler,Arizona,2021,violent-crime,257165,181,536,208.4264966072366
AZ0070500,Chandler,Arizona,2022,violent-crime,257165,171,513,199.48282231252307
AR0720200,Springdale,Arkansas,2018,violent-crime,84161,178,404,480.03231900761637
AR0720200,Springdale,Arkansas,2019,violent-crime,84161,156,368,437.2571618683238
AR0720200,Springdale,Arkansas,2020,violent-crime,84161,168,359,426.5633725835007
AR0720200,Springdale,Arkansas,2021,violent-crime,84161,195,418,496.6671023395634
AR0720200,Springdale,Arkansas,2022,violent-crime,84161,228,496,589.3466094746973
CA0380100,San Francisco,California,2018,violent-crime,884198,2083,6144,694.8669868061227
CA0380100,San Francisco,California,2019,violent-crime,884198,1994,5933,671.0035535027223
CA0380100,San Francisco,California,2020,violent-crime,884198,1472,4796,542.4124460810814
CA0380100,San Francisco,California,2022,violent-crime,884198,1473,5323,602.0144809194321
CO0350300,Fort Collins,Colorado,2018,violent-crime,167830,258,388,231.18631948996008
CO0350300,Fort Collins,Colorado,2019,violent-crime,167830,241,378,225.22790919382712
CO0350300,Fort Collins,Colorado,2020,violent-crime,167830,280,457,272.29935053327773
CO0350300,Fort Collins,Colorado,2021,violent-crime,167830,322,527,314.0082226062087
CO0350300,Fort Collins,Colorado,2022,violent-crime,167830,397,540,321.75415599118156
CT0006400,Hartford,Connecticut,2018,violent-crime,121054,620,1313,1084.6399127662035
CT0006400,Hartford,Connecticut,2019,violent-crime,121054,464,1049,866.5554215474085
CT0006400,Hartford,Connecticut,2020,violent-crime,121054,488,1208,997.9017628496373
CT0006400,Hartford,Connecticut,2021,violent-crime,121054,203,782,645.9926974738546
CT0006400,Hartford,Connecticut,2022,violent-crime,121054,245,685,565.8631685033125
DE0020200,Middletown,Delaware,2018,violent-crime,22582,44,62,274.55495527411216
DE0020200,Middletown,Delaware,2019,violent-crime,22582,41,48,212.5586750509255
DE0020200,Middletown,Delaware,2020,violent-crime,22582,26,48,212.5586750509255
DE0020200,Middletown,Delaware,2021,violent-crime,22582,38,64,283.4115667345673
DE0020200,Middletown,Delaware,2022,violent-crime,22582,58,92,407.4041271809405
FL0480400,Orlando,Florida,2018,violent-crime,307573,914,2282,741.9376863378775
FL0480400,Orlando,Florida,2019,violent-crime,307573,835,2157,701.2969278837869
FL0480400,Orlando,Florida,2020,violent-crime,307573,1064,2524,820.6181947049968
FL0480400,Orlando,Florida,2022,violent-crime,307573,38,2597,844.3523976421858
ID0100200,Idaho Falls,Idaho,2018,violent-crime,63398,108,207,326.5087226726395
ID0100200,Idaho Falls,Idaho,2019,violent-crime,63398,102,185,291.8073125335184
ID0100200,Idaho Falls,Idaho,2020,violent-crime,63398,174,294,463.7370264046184
ID0100200,Idaho Falls,Idaho,2021,violent-crime,63398,115,234,369.09681693428814
ID0100200,Idaho Falls,Idaho,2022,violent-crime,63398,141,237,373.8288274078046
IL0990700,Joliet,Illinois,2018,violent-crime,148099,0,486,328.15886670402904
IL0990700,Joliet,Illinois,2019,violent-crime,148099,0,750,506.4180041728843
IL0990700,Joliet,Illinois,2020,violent-crime,148099,0,546,368.6723070378598
IL0990700,Joliet,Illinois,2021,violent-crime,148099,51,254,171.50689741321682
IL0990700,Joliet,Illinois,2022,violent-crime,148099,133,770,519.9224842841613
IN0710200,South Bend,Indiana,2018,violent-crime,103290,383,1069,1034.9501403814504
IN0710200,South Bend,Indiana,2019,violent-crime,103290,254,1361,1317.649336818666
IN0710200,South Bend,Indiana,2020,violent-crime,103290,280,1768,1711.6855455513603
IN0710200,South Bend,Indiana,2021,violent-crime,103290,81,572,553.7806176783813
IN0710200,South Bend,Indiana,2022,violent-crime,103290,10,67,64.86591151127892
IA0970100,Sioux City,Iowa,2018,violent-crime,82396,110,343,416.2823438030972
IA0970100,Sioux City,Iowa,2019,violent-crime,82396,116,392,475.75125006068254
IA0970100,Sioux City,Iowa,2020,violent-crime,82396,140,481,583.7662022428273
IA0970100,Sioux City,Iowa,2021,violent-crime,82396,139,481,583.7662022428273
IA0970100,Sioux City,Iowa,2022,violent-crime,82396,142,441,535.2201563182679
KS0460500,Olathe,Kansas,2018,violent-crime,139605,158,305,218.47355037427027
KS0460500,Olathe,Kansas,2019,violent-crime,139605,137,291,208.44525625872998
KS0460500,Olathe,Kansas,2020,violent-crime,139605,237,358,256.4378066688156
KS0460500,Olathe,Kansas,2021,violent-crime,139605,238,346,247.8421259983525
KS0460500,Olathe,Kansas,2022,violent-crime,139605,224,324,232.0833781025035
KY0300100,Owensboro,Kentucky,2018,violent-crime,59809,108,170,284.2381581367353
KY0300100,Owensboro,Kentucky,2019,violent-crime,59809,112,140,234.07848317142907
KY0300100,Owensboro,Kentucky,2020,violent-crime,59809,117,165,275.8782123091842
KY0300100,Owensboro,Kentucky,2021,violent-crime,59809,93,149,249.12638566102092
KY0300100,Owensboro,Kentucky,2022,violent-crime,59809,42,221,369.50960557775585
LA0280300,Lafayette,Louisiana,2018,violent-crime,126143,243,681,539.8634882633202
LA0280300,Lafayette,Louisiana,2019,violent-crime,126143,292,664,526.3867198338394
LA0280300,Lafayette,Louisiana,2020,violent-crime,126143,243,712,564.4387718700206
LA0280300,Lafayette,Louisiana,2021,violent-crime,126143,229,617,489.1274188817453
LA0280300,Lafayette,Louisiana,2022,violent-crime,126143,287,582,461.3811309386966
ME0030600,South Portland,Maine,2018,violent-crime,25606,26,36,140.5920487385769
ME0030600,South Portland,Maine,2019,violent-crime,25606,23,49,191.3613996719519
ME0030600,South Portland,Maine,2020,violent-crime,25606,18,33,128.87604467702883
ME0030600,South Portland,Maine,2021,violent-crime,25606,26,55,214.79340779504804
ME0030600,South Portland,Maine,2022,violent-crime,25606,18,43,167.92939154885573
MA0091100,Cambridge,Massachusetts,2018,violent-crime,118977,166,343,288.291014229641
MA0091100,Cambridge,Massachusetts,2019,violent-crime,118977,139,334,280.726526975802
MA0091100,Cambridge,Massachusetts,2020,violent-crime,118977,167,341,286.61001706212124
MA0091100,Cambridge,Massachusetts,2021,violent-crime,118977,154,372,312.66547315867774
MA0091100,Cambridge,Massachusetts,2022,violent-crime,118977,165,475,399.23682728594605
MI5076500,Sterling Heights,Michigan,2018,violent-crime,132964,135,240,180.49998495833458
MI5076500,Sterling Heights,Michigan,2019,violent-crime,132964,115,174,130.86248909479258
MI5076500,Sterling Heights,Michigan,2020,violent-crime,132964,160,236,177.49165187569568
MI5076500,Sterling Heights,Michigan,2021,violent-crime,132964,137,241,181.25206822899432
MI5076500,Sterling Heights,Michigan,2022,violent-crime,132964,99,272,204.56664961944585
MN0690600,Duluth,Minnesota,2018,violent-crime,85884,188,308,358.62325927995903
MN0690600,Duluth,Minnesota,2019,violent-crime,85884,184,293,341.15784080853246
MN0690600,Duluth,Minnesota,2020,violent-crime,85884,128,258,300.4051977085371
MN0690600,Duluth,Minnesota,2021,violent-crime,85884,97,325,378.4174002142425
MN0690600,Duluth,Minnesota,2022,violent-crime,85884,86,249,289.92594662568115
MS0240100,Biloxi,Mississippi,2018,violent-crime,45968,39,167,363.296206056387
MS0240100,Biloxi,Mississippi,2019,violent-crime,45968,79,190,413.33101287852423
MS0240100,Biloxi,Mississippi,2020,violent-crime,45968,66,186,404.62930734423946
MS0240100,Biloxi,Mississippi,2021,violent-crime,45968,74,181,393.7521754263836
MS0240100,Biloxi,Mississippi,2022,violent-crime,45968,20,43,93.54333449356074
MO0100200,Columbia,Missouri,2018,violent-crime,123180,148,446,362.07176489689886
MO0100200,Columbia,Missouri,2019,violent-crime,123180,138,404,327.9753206689398
MO0100200,Columbia,Missouri,2020,violent-crime,123180,204,570,462.7374573794447
MO0100200,Columbia,Missouri,2021,violent-crime,123180,242,645,523.6239649293716
MO0100200,Columbia,Missouri,2022,violent-crime,123180,269,603,489.5275207014126
MT0160100,Bozeman,Montana,2018,violent-crime,48532,45,112,230.7755707574384
MT0160100,Bozeman,Montana,2019,violent-crime,48532,55,151,311.1349212890464
MT0160100,Bozeman,Montana,2020,violent-crime,48532,99,168,346.1633561361576
MT0160100,Bozeman,Montana,2021,violent-crime,48532,83,194,399.73625649056294
MT0160100,Bozeman,Montana,2022,violent-crime,48532,85,166,342.0423638012033
NB0400100,Grand Island,Nebraska,2018,violent-crime,51478,166,240,466.2185788103656
NB0400100,Grand Island,Nebraska,2019,violent-crime,51478,158,237,460.3908465752361
NB0400100,Grand Island,Nebraska,2020,violent-crime,51478,143,216,419.596720929329
NB0400100,Grand Island,Nebraska,2021,violent-crime,51478,130,172,334.12331481409535
NB0400100,Grand Island,Nebraska,2022,violent-crime,51478,133,210,407.9412564590699
NV0020200,North Las Vegas,Nevada,2018,violent-crime,246133,1071,2386,969.3945956048153
NV0020200,North Las Vegas,Nevada,2019,violent-crime,246133,1159,2322,943.3923935433281
NV0020200,North Las Vegas,Nevada,2020,violent-crime,246133,542,1339,544.014821255175
NV0020200,North Las Vegas,Nevada,2021,violent-crime,246133,387,1094,444.4751414885448
NV0020200,North Las Vegas,Nevada,2022,violent-crime,246133,428,1199,487.13500424567206
NH0090400,Dover,New Hampshire,2018,violent-crime,31771,22,37,116.45840546410247
NH0090400,Dover,New Hampshire,2019,violent-crime,31771,15,26,81.83563627207201
NH0090400,Dover,New Hampshire,2020,violent-crime,31771,23,24,75.54058732806648
NH0090400,Dover,New Hampshire,2021,violent-crime,31771,14,23,72.39306285606371
NH0090400,Dover,New Hampshire,2022,violent-crime,31771,3,13,40.917818136036004
NJ0200400,Elizabeth,New Jersey,2018,violent-crime,128885,207,897,695.9692749350196
NJ0200400,Elizabeth,New Jersey,2019,violent-crime,128885,292,926,718.469953834814
NJ0200400,Elizabeth,New Jersey,2020,violent-crime,128885,291,774,600.5353609807192
NJ0200400,Elizabeth,New Jersey,2021,violent-crime,128885,204,642,498.11847771268964
NJ0200400,Elizabeth,New Jersey,2022,violent-crime,128885,213,644,499.6702486712961
NM0260100,Santa Fe,New Mexico,2018,violent-crime,94528,84,333,352.2765741367637
NM0260100,Santa Fe,New Mexico,2019,violent-crime,94528,76,337,356.508124576845
NM0260100,Santa Fe,New Mexico,2020,violent-crime,94528,144,393,415.7498307379824
NM0260100,Santa Fe,New Mexico,2021,violent-crime,94528,231,785,830.4417738659444
NM0260100,Santa Fe,New Mexico,2022,violent-crime,94528,191,819,866.409952606635
NY0270100,Rochester,New York,2018,violent-crime,211328,744,1615,764.2148697758934
NY0270100,Rochester,New York,2019,violent-crime,211328,762,1540,728.725015142338
NY0270100,Rochester,New York,2020,violent-crime,211328,740,1680,794.9727437916415
NY0270100,Rochester,New York,2021,violent-crime,211328,684,1589,751.9117201695942
NY0270100,Rochester,New York,2022,violent-crime,211328,699,1538,727.7786190187766
NC0320100,Durham,North Carolina,2018,violent-crime,278547,668,1963,704.7284659321407
NC0320100,Durham,North Carolina,2019,violent-crime,278547,572,2050,735.9619741013186
NC0320100,Durham,North Carolina,2020,violent-crime,278547,565,2452,880.2823221933821
NC0320100,Durham,North Carolina,2021,violent-crime,278547,674,2169,778.6836691832976
NC0320100,Durham,North Carolina,2022,violent-crime,278547,536,1968,706.5234951372659
ND0510200,Minot,North Dakota,2018,violent-crime,47340,62,135,285.171102661597
ND0510200,Minot,North Dakota,2019,violent-crime,47340,59,133,280.9463455851288
ND0510200,Minot,North Dakota,2020,violent-crime,47340,85,158,333.7558090409802
ND0510200,Minot,North Dakota,2021,violent-crime,47340,66,130,274.60920997042666
ND0510200,Minot,North Dakota,2022,violent-crime,47340,73,141,297.84537389100126
OH0480700,Toledo,Ohio,2018,violent-crime,273782,828,2539,927.380178390106
OH0480700,Toledo,Ohio,2019,violent-crime,273782,809,2643,965.3666055474794
OH0480700,Toledo,Ohio,2020,violent-crime,273782,799,2830,1033.669123609295
OH0480700,Toledo,Ohio,2021,violent-crime,273782,820,2969,1084.4394445215537
OH0480700,Toledo,Ohio,2022,violent-crime,273782,921,3105,1134.114003111965
OK0720100,Broken Arrow,Oklahoma,2018,violent-crime,109471,66,156,142.50349407605668
OK0720100,Broken Arrow,Oklahoma,2019,violent-crime,109471,55,138,126.06078322112705
OK0720100,Broken Arrow,Oklahoma,2020,violent-crime,109471,102,192,175.3889157859159
OK0720100,Broken Arrow,Oklahoma,2021,violent-crime,109471,51,179,163.51362461291117
OK0720100,Broken Arrow,Oklahoma,2022,violent-crime,109471,75,185,168.99452823122104
OR0260100,Gresham,Oregon,2018,violent-crime,110158,192,480,435.7377584923473
OR0260100,Gresham,Oregon,2019,violent-crime,110158,230,497,451.1701374389513
OR0260100,Gresham,Oregon,2020,violent-crime,110158,229,527,478.40374734472306
OR0260100,Gresham,Oregon,2021,violent-crime,110158,208,504,457.5246464169647
OR0260100,Gresham,Oregon,2022,violent-crime,110158,161,485,440.27669347664266
PA0250200,Erie,Pennsylvania,2018,violent-crime,96471,137,299,309.9377014854205
PA0250200,Erie,Pennsylvania,2019,violent-crime,96471,230,476,493.41252811725803
PA0250200,Erie,Pennsylvania,2020,violent-crime,96471,468,856,887.3132858579262
PA0250200,Erie,Pennsylvania,2021,violent-crime,96471,42,107,110.91416073224077
PA0250200,Erie,Pennsylvania,2022,violent-crime,96471,258,567,587.7413937867339
RI0040800,Pawtucket,Rhode Island,2018,violent-crime,71847,197,319,443.99905354433724
RI0040800,Pawtucket,Rhode Island,2019,violent-crime,71847,163,294,409.20288947346444
RI0040800,Pawtucket,Rhode Island,2020,violent-crime,71847,179,291,405.02734978495965
RI0040800,Pawtucket,Rhode Island,2021,violent-crime,71847,183,323,449.5664397956769
RI0040800,Pawtucket,Rhode Island,2022,violent-crime,71847,132,215,299.2470110095063
SC0100300,Mount Pleasant,South Carolina,2018,violent-crime,90801,101,138,151.98070505831433
SC0100300,Mount Pleasant,South Carolina,2019,violent-crime,90801,78,105,115.63749297915221
SC0100300,Mount Pleasant,South Carolina,2020,violent-crime,90801,74,101,111.23225515137499
SC0100300,Mount Pleasant,South Carolina,2021,violent-crime,90801,48,89,98.0165416680433
SC0100300,Mount Pleasant,South Carolina,2022,violent-crime,90801,59,119,131.05582537637252
SD0050100,Brookings,South Dakota,2018,violent-crime,24509,24,46,187.68615610592028
SD0050100,Brookings,South Dakota,2019,violent-crime,24509,26,54,220.32722673303684
SD0050100,Brookings,South Dakota,2020,violent-crime,24509,19,38,155.0450854788037
SD0050100,Brookings,South Dakota,2021,violent-crime,24509,11,27,110.16361336651842
SD0050100,Brookings,South Dakota,2022,violent-crime,24509,15,42,171.365620792362
TN0330100,Chattanooga,Tennessee,2018,violent-crime,180557,679,1875,1038.4532308356918
TN0330100,Chattanooga,Tennessee,2019,violent-crime,180557,754,1928,1067.8068421606472
TN0330100,Chattanooga,Tennessee,2020,violent-crime,180557,814,2456,1360.2352719639782
TN0330100,Chattanooga,Tennessee,2021,violent-crime,180557,762,2454,1359.1275885177533
TN0330100,Chattanooga,Tennessee,2022,violent-crime,180557,490,2077,1150.3292589043901
TX2270100,Austin,Texas,2018,violent-crime,993649,1477,3720,374.3776725986742
TX2270100,Austin,Texas,2019,violent-crime,993649,1568,4097,412.31863565504517
TX2270100,Austin,Texas,2020,violent-crime,993649,1726,4759,478.9417591121211
TX2270100,Austin,Texas,2021,violent-crime,993649,2055,5051,508.328393627931
TX2270100,Austin,Texas,2022,violent-crime,993649,2274,5215,524.8332157532489
UT0180600,West Jordan,Utah,2018,violent-crime,116046,106,302,260.2416283198042
UT0180600,West Jordan,Utah,2019,violent-crime,116046,154,269,231.804629198766
UT0180600,West Jordan,Utah,2020,violent-crime,116046,114,296,255.07126484325184
UT0180600,West Jordan,Utah,2021,violent-crime,116046,125,300,258.5181738276201
UT0180600,West Jordan,Utah,2022,violent-crime,116046,178,386,332.6267169915379
VT0110200,Rutland,Vermont,2018,violent-crime,15807,58,70,442.8417789586892
VT0110200,Rutland,Vermont,2019,violent-crime,15807,45,67,423.8628455747454
VT0110200,Rutland,Vermont,2020,violent-crime,15807,37,50,316.3155563990637
VT0110200,Rutland,Vermont,2021,violent-crime,15807,52,75,474.4733345985955
VT0110200,Rutland,Vermont,2022,violent-crime,15807,53,76,480.7996457265768
VA1220000,Richmond,Virginia,2018,violent-crime,228783,556,1196,522.7661146151593
VA1220000,Richmond,Virginia,2019,violent-crime,228783,381,1071,468.12918792043115
VA1220000,Richmond,Virginia,2020,violent-crime,228783,273,824,360.16662077164824
VA1220000,Richmond,Virginia,2021,violent-crime,228783,232,879,384.20686851732864
VA1220000,Richmond,Virginia,2022,violent-crime,228783,113,818,357.54404829030125
WA0060300,Vancouver,Washington,2018,violent-crime,183012,280,833,455.1614101807532
WA0060300,Vancouver,Washington,2019,violent-crime,183012,342,891,486.8533210936988
WA0060300,Vancouver,Washington,2020,violent-crime,183012,335,915,499.96721526457276
WA0060300,Vancouver,Washington,2021,violent-crime,183012,195,1117,610.3424912027626
WA0060300,Vancouver,Washington,2022,violent-crime,183012,333,1229,671.5406640001748
WV0540100,Parkersburg,West Virginia,2018,violent-crime,29675,59,185,623.4203875315923
WV0540100,Parkersburg,West Virginia,2019,violent-crime,29675,26,109,367.312552653749
WV0540100,Parkersburg,West Virginia,2020,violent-crime,29675,34,106,357.20303285593934
WV0540100,Parkersburg,West Virginia,2021,violent-crime,29675,50,131,441.44903117101944
WV0540100,Parkersburg,West Virginia,2022,violent-crime,29675,48,129,434.70935130581296
WI0300100,Kenosha,Wisconsin,2018,violent-crime,100164,166,338,337.446587596342
WI0300100,Kenosha,Wisconsin,2019,violent-crime,100164,136,311,310.4907950960425
WI0300100,Kenosha,Wisconsin,2020,violent-crime,100164,219,398,397.3483487081187
WI0300100,Kenosha,Wisconsin,2021,violent-crime,100164,220,360,359.4105666706601
WI0300100,Kenosha,Wisconsin,2022,violent-crime,100164,251,393,392.3565352821373
WY0030100,Gillette,Wyoming,2018,violent-crime,31903,35,56,175.53208162241796
WY0030100,Gillette,Wyoming,2019,violent-crime,31903,27,43,134.78356267435666
WY0030100,Gillette,Wyoming,2020,violent-crime,31903,42,61,191.20458891013385
WY0030100,Gillette,Wyoming,2021,violent-crime,31903,33,64,200.60809328276338
WY0030100,Gillette,Wyoming,2022,violent-crime,31903,52,105,329.1226530420337
AL0630100,Tuscaloosa,Alabama,2018,violent-crime,99600,300,514,516.0642570281125
AL0630100,Tuscaloosa,Alabama,2019,violent-crime,99600,169,368,369.47791164658634
AL0630100,Tuscaloosa,Alabama,2020,violent-crime,99600,114,356,357.429718875502
AL0630100,Tuscaloosa,Alabama,2021,violent-crime,99600,82,222,222.89156626506025
AL0630100,Tuscaloosa,Alabama,2022,violent-crime,99600,382,646,648.5943775100402
AK0010900,Sitka,Alaska,2018,violent-crime,8647,23,21,242.85879495778883
AK0010900,Sitka,Alaska,2019,violent-crime,8647,11,16,185.0352723487915
AK0010900,Sitka,Alaska,2020,violent-crime,8647,22,23,265.98820400138777
AK0010900,Sitka,Alaska,2021,violent-crime,8647,1,3,34.6941135653984
AK0010900,Sitka,Alaska,2022,violent-crime,8647,5,8,92.51763617439575
AZ0072500,Scottsdale,Arizona,2018,violent-crime,255310,196,422,165.2892561983471
AZ0072500,Scottsdale,Arizona,2019,violent-crime,255310,157,415,162.5474912851044
AZ0072500,Scottsdale,Arizona,2020,violent-crime,255310,246,470,184.08992988915438
AZ0072500,Scottsdale,Arizona,2021,violent-crime,255310,229,537,210.33253691590613
AZ0072500,Scottsdale,Arizona,2022,violent-crime,255310,169,385,150.79707022834984
AR0160100,Jonesboro,Arkansas,2018,violent-crime,78576,225,427,543.4229281205457
AR0160100,Jonesboro,Arkansas,2019,violent-crime,78576,282,537,683.4147831398901
AR0160100,Jonesboro,Arkansas,2020,violent-crime,78576,397,644,819.5886784768886
AR0160100,Jonesboro,Arkansas,2021,violent-crime,78576,347,591,752.1380574221137
AR0160100,Jonesboro,Arkansas,2022,violent-crime,78576,328,516,656.6890653634697
CA0100500,Fresno,California,2018,violent-crime,530093,1391,2953,557.0720609402501
CA0100500,Fresno,California,2019,violent-crime,530093,1293,2457,463.50357390118336
CA0100500,Fresno,California,2020,violent-crime,530093,1436,3560,671.5802698771726
CA0100500,Fresno,California,2021,violent-crime,530093,1436,4921,928.3276708049343
CA0100500,Fresno,California,2022,violent-crime,530093,1553,4732,892.6735497356125
CO0300400,Lakewood,Colorado,2018,violent-crime,156798,472,1036,660.7227132999146
CO0300400,Lakewood,Colorado,2019,violent-crime,156798,460,842,536.9966453653745
CO0300400,Lakewood,Colorado,2020,violent-crime,156798,481,927,591.2065204913328
CO0300400,Lakewood,Colorado,2021,violent-crime,156798,527,1097,699.6262707432493
CO0300400,Lakewood,Colorado,2022,violent-crime,156798,550,1278,815.0614165997015
CT0015100,Waterbury,Connecticut,2018,violent-crime,114403,208,483,422.1917257414578
CT0015100,Waterbury,Connecticut,2019,violent-crime,114403,174,330,288.45397410907054
CT0015100,Waterbury,Connecticut,2020,violent-crime,114403,191,404,353.13759254565
CT0015100,Waterbury,Connecticut,2021,violent-crime,114403,150,367,320.7957833273603
CT0015100,Waterbury,Connecticut,2022,violent-crime,114403,153,442,386.35350471578545
DE0010300,Smyrna,Delaware,2018,violent-crime,11580,34,50,431.77892918825563
DE0010300,Smyrna,Delaware,2019,violent-crime,11580,19,32,276.33851468048357
DE0010300,Smyrna,Delaware,2020,violent-crime,11580,38,49,423.14335060449054
DE0010300,Smyrna,Delaware,2021,violent-crime,11580,35,62,535.405872193437
DE0010300,Smyrna,Delaware,2022,violent-crime,11580,33,69,595.8549222797927
FL0521400,St. Petersburg,Florida,2018,violent-crime,258308,539,1660,642.6436657014107
FL0521400,St. Petersburg,Florida,2019,violent-crime,258308,551,1594,617.092772968704
FL0521400,St. Petersburg,Florida,2020,violent-crime,258308,526,1772,686.0027563993373
FL0521400,St. Petersburg,Florida,2022,violent-crime,258308,53,1622,627.9325456431857
ID0140100,Caldwell,Idaho,2018,violent-crime,56541,145,183,323.65893776197805
ID0140100,Caldwell,Idaho,2019,violent-crime,56541,151,205,362.56875541642347
ID0140100,Caldwell,Idaho,2020,violent-crime,56541,165,205,362.56875541642347
ID0140100,Caldwell,Idaho,2021,violent-crime,56541,106,165,291.8236324083408
ID0140100,Caldwell,Idaho,2022,violent-crime,56541,147,297,525.2825383350136
IL1010400,Rockford,Illinois,2018,violent-crime,146526,971,2045,1395.6567435130967
IL1010400,Rockford,Illinois,2019,violent-crime,146526,884,1720,1173.8531045684724
IL1010400,Rockford,Illinois,2020,violent-crime,146526,807,2111,1440.6999440372356
IL1010400,Rockford,Illinois,2021,violent-crime,146526,644,2219,1514.4069994403724
IL1010400,Rockford,Illinois,2022,violent-crime,146526,749,2098,1431.8277984794506
IN0290100,Carmel,Indiana,2018,violent-crime,99329,23,43,43.290479114860716
IN0290100,Carmel,Indiana,2019,violent-crime,99329,19,27,27.182393862819517
IN0290100,Carmel,Indiana,2020,violent-crime,99329,28,55,55.371543053891614
IN0290100,Carmel,Indiana,2021,violent-crime,99329,28,50,50.337766412628746
IN0290100,Carmel,Indiana,2022,violent-crime,99329,45,66,66.44585166466993
IA0520200,Iowa City,Iowa,2018,violent-crime,76290,77,173,226.76628653820947
IA0520200,Iowa City,Iowa,2019,violent-crime,76290,87,174,228.0770743216673
IA0520200,Iowa City,Iowa,2020,violent-crime,76290,101,154,201.86131865251016
IA0520200,Iowa City,Iowa,2021,violent-crime,76290,129,243,318.52143138025957
IA0520200,Iowa City,Iowa,2022,violent-crime,76290,119,197,258.22519334119806
KS0890100,Topeka,Kansas,2018,violent-crime,125904,282,766,608.4000508323802
KS0890100,Topeka,Kansas,2019,violent-crime,125904,386,895,710.8590672258229
KS0890100,Topeka,Kansas,2020,violent-crime,125904,28,94,74.66005845723727
KS0890100,Topeka,Kansas,2021,violent-crime,125904,388,1075,853.825136612022
KS0890100,Topeka,Kansas,2022,violent-crime,125904,502,1211,961.8439445927055
KY0590100,Covington,Kentucky,2018,violent-crime,40366,75,167,413.7145122132487
KY0590100,Covington,Kentucky,2019,violent-crime,40366,94,190,470.6931576078878
KY0590100,Covington,Kentucky,2020,violent-crime,40366,93,156,386.46385572016055
KY0590100,Covington,Kentucky,2021,violent-crime,40366,63,138,341.8718723678343
KY0590100,Covington,Kentucky,2022,violent-crime,40366,50,109,270.0292325224199
LA0100200,Lake Charles,Louisiana,2018,violent-crime,78001,163,575,737.1700362815861
LA0100200,Lake Charles,Louisiana,2019,violent-crime,78001,94,413,529.4803912770349
LA0100200,Lake Charles,Louisiana,2020,violent-crime,78001,127,410,525.6342867399136
LA0100200,Lake Charles,Louisiana,2021,violent-crime,78001,134,449,575.6336457224908
LA0100200,Lake Charles,Louisiana,2022,violent-crime,78001,172,485,621.7869001679466
ME0010100,Auburn,Maine,2018,violent-crime,23196,34,47,202.62114157613382
ME0010100,Auburn,Maine,2019,violent-crime,23196,24,34,146.57699603379893
ME0010100,Auburn,Maine,2020,violent-crime,23196,31,46,198.31005345749267
ME0010100,Auburn,Maine,2021,violent-crime,23196,36,51,219.8654940506984
ME0010100,Auburn,Maine,2022,violent-crime,23196,25,40,172.4435247456458
MA0092600,Lowell,Massachusetts,2018,violent-crime,111670,244,367,328.6469060625056
MA0092600,Lowell,Massachusetts,2019,violent-crime,111670,286,405,362.67574102265604
MA0092600,Lowell,Massachusetts,2020,violent-crime,111670,225,350,313.4234798961225
MA0092600,Lowell,Massachusetts,2021,violent-crime,111670,252,366,327.75141040565956
MA0092600,Lowell,Massachusetts,2022,violent-crime,111670,289,455,407.4505238649592
MI8121800,Ann Arbor,Michigan,2018,violent-crime,121890,135,282,231.3561407826729
MI8121800,Ann Arbor,Michigan,2019,violent-crime,121890,175,316,259.25014357207317
MI8121800,Ann Arbor,Michigan,2020,violent-crime,121890,134,303,248.5847895643613
MI8121800,Ann Arbor,Michigan,2021,violent-crime,121890,162,350,287.1441463614735
MI8121800,Ann Arbor,Michigan,2022,violent-crime,121890,191,371,304.37279514316185
MN0270100,Bloomington,Minnesota,2018,violent-crime,85578,82,165,192.8065624342705
MN0270100,Bloomington,Minnesota,2019,violent-crime,85578,115,203,237.21049802519337
MN0270100,Bloomington,Minnesota,2020,violent-crime,85578,170,286,334.1980415527355
MN0270100,Bloomington,Minnesota,2021,violent-crime,85578,161,268,313.1645983780878
MN0270100,Bloomington,Minnesota,2022,violent-crime,85578,152,259,302.647876790764
MS0180100,Hattiesburg,Mississippi,2018,violent-crime,45951,29,103,224.15181388870755
MS0180100,Hattiesburg,Mississippi,2019,violent-crime,45951,20,112,243.7378947139344
MS0180100,Hattiesburg,Mississippi,2020,violent-crime,45951,70,184,400.42654131574943
MS0180100,Hattiesburg,Mississippi,2021,violent-crime,45951,66,194,422.1888533437792
MS0180100,Hattiesburg,Mississippi,2022,violent-crime,45951,50,161,350.3732236512807
MO0480600,Independence,Missouri,2018,violent-crime,116925,205,521,445.5847765661749
MO0480600,Independence,Missouri,2019,violent-crime,116925,209,708,605.5163566388711
MO0480600,Independence,Missouri,2020,violent-crime,116925,259,806,689.3307675860594
MO0480600,Independence,Missouri,2021,violent-crime,116925,214,727,621.76608937353
MO0480600,Independence,Missouri,2022,violent-crime,116925,164,640,547.3594184306179
NB0100100,Kearney,Nebraska,2018,violent-crime,33761,57,87,257.6937886910933
NB0100100,Kearney,Nebraska,2019,violent-crime,33761,48,63,186.60584698320545
NB0100100,Kearney,Nebraska,2020,violent-crime,33761,98,124,367.287698824087
NB0100100,Kearney,Nebraska,2021,violent-crime,33761,69,98,290.2757619738752
NB0100100,Kearney,Nebraska,2022,violent-crime,33761,78,117,346.553715825953
NH0092000,Rochester,New Hampshire,2018,violent-crime,31366,69,120,382.5798635465153
NH0092000,Rochester,New Hampshire,2019,violent-crime,31366,43,95,302.87572530765794
NH0092000,Rochester,New Hampshire,2020,violent-crime,31366,47,71,226.35975259835493
NH0092000,Rochester,New Hampshire,2021,violent-crime,31366,20,70,223.17158706880062
NH0092000,Rochester,New Hampshire,2022,violent-crime,31366,29,63,200.85442836192055
NM0030100,Roswell,New Mexico,2018,violent-crime,47635,146,396,831.3215072950561
NM0030100,Roswell,New Mexico,2019,violent-crime,47635,184,404,848.1158811798048
NM0030100,Roswell,New Mexico,2020,violent-crime,47635,155,367,770.4419019628424
NM0030100,Roswell,New Mexico,2021,violent-crime,47635,188,466,978.2722787866064
NM0030100,Roswell,New Mexico,2022,violent-crime,47635,159,420,881.704628949302
NY0330100,Syracuse,New York,2018,violent-crime,148620,498,1006,676.8940923159736
NY0330100,Syracuse,New York,2019,violent-crime,148620,614,1129,759.6554972412865
NY0330100,Syracuse,New York,2020,violent-crime,148620,606,1192,802.0454851298615
NY0330100,Syracuse,New York,2022,violent-crime,148620,643,1294,870.6768940923159
NC0340200,Winston-Salem,North Carolina,2018,violent-crime,248232,1098,2156,868.5423313674305
NC0340200,Winston-Salem,North Carolina,2019,violent-crime,248232,851,2687,1082.4551226272197
NC0340200,Winston-Salem,North Carolina,2020,violent-crime,248232,994,3118,1256.083019111154
NC0340200,Winston-Salem,North Carolina,2021,violent-crime,248232,936,2881,1160.607818492378
NC0340200,Winston-Salem,North Carolina,2022,violent-crime,248232,911,2954,1190.015791678752
ND0090300,West Fargo,North Dakota,2018,violent-crime,36566,43,69,188.69988513920035
ND0090300,West Fargo,North Dakota,2019,violent-crime,36566,33,56,153.14773286659738
ND0090300,West Fargo,North Dakota,2020,violent-crime,36566,27,60,164.08685664278292
ND0090300,West Fargo,North Dakota,2021,violent-crime,36566,34,66,180.49554230706119
ND0090300,West Fargo,North Dakota,2022,violent-crime,36566,34,73,199.63900891538586
OH0770100,Akron,Ohio,2018,violent-crime,198006,494,1727,872.1957920467057
OH0770100,Akron,Ohio,2019,violent-crime,198006,562,1842,930.2748401563589
OH0770100,Akron,Ohio,2020,violent-crime,198006,526,1820,919.1640657353818
OH0770100,Akron,Ohio,2021,violent-crime,198006,267,1658,837.3483631809137
OH0770100,Akron,Ohio,2022,violent-crime,198006,194,1548,781.794491076028
OK0550300,Edmond,Oklahoma,2018,violent-crime,93127,76,135,144.9633296466116
OK0550300,Edmond,Oklahoma,2019,violent-crime,93127,76,142,152.47994673939888
OK0550300,Edmond,Oklahoma,2020,violent-crime,93127,58,146,156.77515650670588
OK0550300,Edmond,Oklahoma,2021,violent-crime,93127,75,137,147.11093453026513
OK0550300,Edmond,Oklahoma,2022,violent-crime,93127,67,153,164.29177359949318
OR0340300,Hillsboro,Oregon,2018,violent-crime,108389,162,303,279.5486626871731
OR0340300,Hillsboro,Oregon,2019,violent-crime,108389,150,279,257.40619435551577
OR0340300,Hillsboro,Oregon,2020,violent-crime,108389,137,258,238.03153456531567
OR0340300,Hillsboro,Oregon,2021,violent-crime,108389,177,282,260.1740028969729
OR0340300,Hillsboro,Oregon,2022,violent-crime,108389,183,315,290.6198968530017
PA0061400,Reading,Pennsylvania,2018,violent-crime,88495,274,621,701.7345612746483
PA0061400,Reading,Pennsylvania,2019,violent-crime,88495,255,475,536.7534888976778
PA0061400,Reading,Pennsylvania,2020,violent-crime,88495,258,499,563.8736651788237
PA0061400,Reading,Pennsylvania,2022,violent-crime,88495,182,424,479.12311430024295
RI0040400,East Providence,Rhode Island,2018,violent-crime,47476,33,50,105.31637037661135
RI0040400,East Providence,Rhode Island,2019,violent-crime,47476,36,62,130.59229926699805
RI0040400,East Providence,Rhode Island,2020,violent-crime,47476,81,112,235.9086696436094
RI0040400,East Providence,Rhode Island,2021,violent-crime,47476,46,66,139.01760889712696
RI0040400,East Providence,Rhode Island,2022,violent-crime,47476,25,31,65.29614963349903
SC0460300,Rock Hill,South Carolina,2018,violent-crime,74372,176,371,498.8436508363362
SC0460300,Rock Hill,South Carolina,2019,violent-crime,74372,197,505,679.0189856397568
SC0460300,Rock Hill,South Carolina,2020,violent-crime,74372,233,533,716.6675630613671
SC0460300,Rock Hill,South Carolina,2021,violent-crime,74372,220,477,641.3704082181466
SC0460300,Rock Hill,South Carolina,2022,violent-crime,74372,169,355,477.3301780239875
SD0140100,Watertown,South Dakota,2018,violent-crime,22655,49,67,295.7404546457736
SD0140100,Watertown,South Dakota,2019,violent-crime,22655,41,67,295.7404546457736
SD0140100,Watertown,South Dakota,2020,violent-crime,22655,33,56,247.18605164422863
SD0140100,Watertown,South Dakota,2021,violent-crime,22655,33,50,220.70183182520412
SD0140100,Watertown,South Dakota,2022,violent-crime,22655,34,50,220.70183182520412
TN0630100,Clarksville,Tennessee,2018,violent-crime,163648,516,992,606.1791161517403
TN0630100,Clarksville,Tennessee,2019,violent-crime,163648,421,885,540.7948768087603
TN0630100,Clarksville,Tennessee,2020,violent-crime,163648,554,1011,617.7894016425498
TN0630100,Clarksville,Tennessee,2021,violent-crime,163648,490,966,590.2913570590536
TN0630100,Clarksville,Tennessee,2022,violent-crime,163648,349,871,532.2399296050058
TX2201200,Fort Worth,Texas,2018,violent-crime,902938,1511,4571,506.23630858375657
TX2201200,Fort Worth,Texas,2019,violent-crime,902938,1626,4159,460.6074835703005
TX2201200,Fort Worth,Texas,2020,violent-crime,902938,1890,5238,580.1062752924342
TX2201200,Fort Worth,Texas,2021,violent-crime,902938,2026,5350,592.5102277232767
TX2201200,Fort Worth,Texas,2022,violent-crime,902938,1845,4765,527.7217261871801
UT0250300,Orem,Utah,2018,violent-crime,97521,40,69,70.75399144799582
UT0250300,Orem,Utah,2019,violent-crime,97521,42,89,91.26239476625548
UT0250300,Orem,Utah,2020,violent-crime,97521,68,107,109.71995775268917
UT0250300,Orem,Utah,2021,violent-crime,97521,99,177,181.49936936659796
UT0250300,Orem,Utah,2022,violent-crime,97521,98,182,186.6264701961629
VT0020100,Bennington,Vermont,2018,violent-crime,15333,25,33,215.22207004500098
VT0020100,Bennington,Vermont,2019,violent-crime,15333,53,69,450.0097828213657
VT0020100,Bennington,Vermont,2020,violent-crime,15333,31,34,221.74395095545555
VT0020100,Bennington,Vermont,2021,violent-crime,15333,44,52,339.1378073436379
VT0020100,Bennington,Vermont,2022,violent-crime,15333,68,93,606.5349246722755
WA0170200,Bellevue,Washington,2018,violent-crime,147599,117,200,135.50227305063044
WA0170200,Bellevue,Washington,2019,violent-crime,147599,104,187,126.69462530233945
WA0170200,Bellevue,Washington,2020,violent-crime,147599,111,180,121.95204574556737
WA0170200,Bellevue,Washington,2021,violent-crime,147599,116,188,127.3721366675926
WA0170200,Bellevue,Washington,2022,violent-crime,147599,99,230,155.827614008225
WV0350100,Wheeling,West Virginia,2018,violent-crime,26771,82,235,877.8155466736393
WV0350100,Wheeling,West Virginia,2019,violent-crime,26771,107,281,1049.643270703373
WV0350100,Wheeling,West Virginia,2020,violent-crime,26771,107,330,1232.6771506480893
WV0350100,Wheeling,West Virginia,2021,violent-crime,26771,79,268,1001.0832617384483
WV0350100,Wheeling,West Virginia,2022,violent-crime,26771,100,323,1206.52945351313
WI0520200,Racine,Wisconsin,2018,violent-crime,77432,260,443,572.1148879016428
WI0520200,Racine,Wisconsin,2019,violent-crime,77432,198,339,437.80349209629094
WI0520200,Racine,Wisconsin,2020,violent-crime,77432,206,435,561.7832420704618
WI0520200,Racine,Wisconsin,2021,violent-crime,77432,197,373,481.7129868788098
WI0520200,Racine,Wisconsin,2022,violent-crime,77432,150,333,430.05475772290526
WY0190200,Rock Springs,Wyoming,2018,violent-crime,23082,14,43,186.2923490165497
WY0190200,Rock Springs,Wyoming,2019,violent-crime,23082,18,44,190.6247292262369
WY0190200,Rock Springs,Wyoming,2020,violent-crime,23082,19,58,251.27805216185774
WY0190200,Rock Springs,Wyoming,2021,violent-crime,23082,14,50,216.6190104843601
WY0190200,Rock Springs,Wyoming,2022,violent-crime,23082,17,39,168.96282817780087
