,"Dallas-Fort Worth-Arlington, TX (MSA)","Austin-Round Rock, TX (MSA)","Atlanta-Sandy Springs-Roswell, GA (MSA)","Tampa-St. Petersburg-Clearwater, FL (MSA)","Nashville-Davidson--Murfreesboro--Franklin, TN (MSA)","Houston-The Woodlands-Sugar Land, TX (MSA)","Phoenix-Mesa-Scottsdale, AZ (MSA)","Miami-Fort Lauderdale-West Palm Beach, FL (MSA)","Charlotte-Concord-Gastonia, NC-SC (MSA)","Orlando-Kissimmee-Sanford, FL (MSA)","Denver-Aurora-Lakewood, CO (MSA)","St Louis, MO-IL (MSA)","Las Vegas-Henderson-Paradise, NV (MSA)","Washington-Arlington-Alexandria, DC-VA-MD-WV (MSA)","Chicago-Naperville-Elgin, IL-IN-WI (MSA)","Seattle-Tacoma-Bellevue, WA (MSA)","New York-Newark-Jersey City, NY-NJ-PA (MSA)","Kansas City, MO-KS (MSA)","Greenville-Anderson-Mauldin, SC (MSA)","Los Angeles-Long Beach-Anaheim, CA (MSA)","Raleigh, NC (MSA)","Columbus, OH (MSA)","Pittsburgh, PA (MSA)","Indianapolis-Carmel-Anderson, IN (MSA)","Jacksonville, FL (MSA)","Boston-Cambridge-Newton, MA-NH (MSA)","San Francisco-Oakland-Hayward, CA (MSA)","Memphis, TN-MS-AR (MSA)","College Station-Bryan, TX (MSA)","New Orleans-Metairie, LA (MSA)","Detroit-Warren-Dearborn, MI (MSA)","Portland-Vancouver-Hillsboro, OR-WA (MSA)","Minneapolis-St. Paul-Bloomington, MN-WI (MSA)","Tulsa, OK (MSA)","San Antonio-New Braunfels, TX (MSA)","Cincinnati, OH-KY-IN (MSA)","Birmingham-Hoover, AL (MSA)","Fayetteville-Springdale-Rogers, AR-MO (MSA)","Charleston-North Charleston, SC (MSA)","Philadelphia-Camden-Wilmington, PA-NJ-DE-MD (MSA)","Cleveland-Elyria, OH (MSA)","Knoxville, TN (MSA)","Oklahoma City, OK (MSA)","Sioux Falls, SD (MSA)","Louisville-Jefferson County, KY-IN (MSA)","Sacramento--Roseville--Arden-Arcade, CA (MSA)","Durham-Chapel Hill, NC (MSA)","Cape Coral-Fort Myers, FL (MSA)","Texarkana, TX-Texarkana, AR (MSA)","The Villages, FL (MSA)","Asheville, NC (MSA)","Wilmington, NC (MSA)","Chattanooga, TN-GA (MSA)","Huntsville, AL (MSA)","Tallahassee, FL (MSA)","Salt Lake City, UT (MSA)","Reno, NV (MSA)","Boise City, ID (MSA)","Buffalo-Cheektowaga-Niagara Falls, NY (MSA)","Toledo, OH (MSA)","Baltimore-Columbia-Towson, MD (MSA)","Savannah, GA (MSA)","Richmond, VA (MSA)","Omaha-Council Bluffs, NE-IA (MSA)","Milwaukee-Waukesha-West Allis, WI (MSA)","Tucson, AZ (MSA)","Dayton, OH (MSA)","Naples-Immokalee-Marco Island, FL (MSA)","Albany-Schenectady-Troy, NY (MSA)","Columbus, GA-AL (MSA)","Waco, TX (MSA)","San Diego-Carlsbad, CA (MSA)","San Jose-Sunnyvale-Santa Clara, CA (MSA)","Albuquerque, NM (MSA)","Lexington-Fayette, KY (MSA)","Pensacola-Ferry Pass-Brent, FL (MSA)","Greensboro-High Point, NC (MSA)","Colorado Springs, CO (MSA)","Bend-Redmond, OR (MSA)","Columbia, SC (MSA)","Macon-Bibb County, GA (MSA)","Rochester, NY (MSA)","Baton Rouge, LA (MSA)","Portland-South Portland, ME (MSA)","Madison, WI (MSA)","Myrtle Beach-Conway-North Myrtle Beach, SC-NC (MSA)","Clarksville, TN-KY (MSA)","Ocala, FL (MSA)","Spartanburg, SC (MSA)","Gainesville, FL (MSA)","Athens-Clarke County, GA (MSA)","Charlottesville, VA (MSA)","Des Moines-West Des Moines, IA (MSA)","Abilene, TX (MSA)","Tyler, TX (MSA)","Corpus Christi, TX (MSA)","El Paso, TX (MSA)","Riverside-San Bernardino-Ontario, CA (MSA)","Virginia Beach-Norfolk-Newport News, VA-NC (MSA)","Augusta-Richmond County, GA-SC (MSA)","Lakeland-Winter Haven, FL (MSA)","Fargo, ND-MN (MSA)","Springfield, MO (MSA)","Little Rock-North Little Rock-Conway, AR (MSA)","Grand Rapids-Wyoming, MI (MSA)","Deltona-Daytona Beach-Ormond Beach, FL (MSA)","Scranton--Wilkes-Barre--Hazleton, PA (MSA)","Erie, PA (MSA)","North Port-Sarasota-Bradenton, FL (MSA)","Columbia, MO (MSA)","Crestview-Fort Walton Beach-Destin, FL (MSA)","Providence-Warwick, RI-MA (MSA)","Auburn-Opelika, AL (MSA)","Hilton Head Island-Bluffton-Beaufort, SC (MSA)","Winston-Salem, NC (MSA)","Gainesville, GA (MSA)","Panama City, FL (MSA)","Ogden-Clearfield, UT (MSA)","Spokane-Spokane Valley, WA (MSA)","Green Bay, WI (MSA)","Boulder, CO (MSA)","Lansing-East Lansing, MI (MSA)","Duluth, MN-WI (MSA)","Manchester-Nashua, NH (MSA)","Idaho Falls, ID (MSA)","Montgomery, AL (MSA)","Lubbock, TX (MSA)","Wichita, KS (MSA)","Davenport-Moline-Rock Island, IA-IL (MSA)","Yakima, WA (MSA)","Utica-Rome, NY (MSA)","Johnson City, TN (MSA)","Greenville, NC (MSA)","Jackson, MS (MSA)","Springfield, IL (MSA)","Bridgeport-Stamford-Norwalk, CT (MSA)","Elmira, NY (MSA)","Ann Arbor, MI (MSA)","Fayetteville, NC (MSA)","Youngstown-Warren-Boardman, OH-PA (MSA)","Provo-Orem, UT (MSA)","Olympia-Tumwater, WA (MSA)","Owensboro, KY (MSA)","Hartford-West Hartford-East Hartford, CT (MSA)","Kennewick-Richland, WA (MSA)","Tuscaloosa, AL (MSA)","Anniston-Oxford-Jacksonville, AL (MSA)","Topeka, KS (MSA)","Fort Collins, CO (MSA)","Lincoln, NE (MSA)","Rapid City, SD (MSA)","Mobile, AL (MSA)","Syracuse, NY (MSA)","Flint, MI (MSA)","Bakersfield, CA (MSA)","Killeen-Temple, TX (MSA)","Beaumont-Port Arthur, TX (MSA)","Port St. Lucie, FL (MSA)","Bloomington, IN (MSA)","Sioux City, IA-NE-SD (MSA)","Pine Bluff, AR (MSA)","Eugene, OR (MSA)","Anchorage, AK (MSA)","Lake Charles, LA (MSA)","Holland-Grand Haven, MI (MSA)","St. George, UT (MSA)","Kingsport-Bristol-Bristol, TN-VA (MSA)","Rochester, MN (MSA)","Mankato-North Mankato, MN (MSA)","Allentown-Bethlehem-Easton, PA-NJ (MSA)","Evansville, IN-KY (MSA)","Valdosta, GA (MSA)","Pocatello, ID (MSA)","Prescott, AZ (MSA)","Santa Fe, NM (MSA)","Champaign-Urbana, IL (MSA)","Canton-Massillon, OH (MSA)","Carbondale-Marion, IL (MSA)","New Haven-Milford, CT (MSA)","Ithaca, NY (MSA)","Jackson, TN (MSA)","Akron, OH (MSA)","Urban Honolulu, HI (MSA)","Fort Wayne, IN (MSA)","Casper, WY (MSA)","Greeley, CO (MSA)","Bremerton-Silverdale, WA (MSA)","Salem, OR (MSA)","Michigan City-La Porte, IN (MSA)","Lewiston-Auburn, ME (MSA)","Wenatchee, WA (MSA)","Bay City, MI (MSA)","Staunton-Waynesboro, VA (MSA)","Florence, SC (MSA)","Warner Robins, GA (MSA)","Shreveport-Bossier City, LA (MSA)","Springfield, MA (MSA)","Bellingham, WA (MSA)","Coeur d'Alene, ID (MSA)","Midland, MI (MSA)","Palm Bay-Melbourne-Titusville, FL (MSA)","Lewiston, ID-WA (MSA)","Lafayette-West Lafayette, IN (MSA)","Mount Vernon-Anacortes, WA (MSA)","Hammond, LA (MSA)","Longview, TX (MSA)","Fresno, CA (MSA)","San Angelo, TX (MSA)","McAllen-Edinburg-Mission, TX (MSA)","Brownsville-Harlingen, TX (MSA)","Visalia-Porterville, CA (MSA)","Los Angeles-Long Beach-Santa Ana, CA (MSA)","South Bend-Mishawaka, IN-MI (MSA)","Hagerstown-Martinsburg, MD-WV (MSA)","Sebastian-Vero Beach, FL (MSA)","Iowa City, IA (MSA)","Punta Gorda, FL (MSA)","Gulfport-Biloxi-Pascagoula, MS (MSA)","Bloomington, IL (MSA)","Charleston, WV (MSA)","Johnstown, PA (MSA)","Manhattan, KS (MSA)","Grand Junction, CO (MSA)","Sebring, FL (MSA)","Saginaw, MI (MSA)","Homosassa Springs, FL (MSA)","Norwich-New London, CT (MSA)","Harrisburg-Carlisle, PA (MSA)","Burlington-South Burlington, VT (MSA)","Hattiesburg, MS (MSA)","Jacksonville, NC (MSA)","Monroe, LA (MSA)","Longview, WA (MSA)","Florence-Muscle Shoals, AL (MSA)","Gadsden, AL (MSA)","Alexandria, LA (MSA)","Roanoke, VA (MSA)","Springfield, OH (MSA)","Peoria, IL (MSA)","Albany, OR (MSA)","Cumberland, MD-WV (MSA)","Lafayette, LA (MSA)","Brunswick, GA (MSA)","Rockford, IL (MSA)","Medford, OR (MSA)","Waterloo-Cedar Falls, IA (MSA)","Kingston, NY (MSA)","Lawton, OK (MSA)","Daphne-Fairhope-Foley, AL (MSA)","Logan, UT-ID (MSA)","Reading, PA (MSA)","Hickory-Lenoir-Morganton, NC (MSA)","Sumter, SC (MSA)","Watertown-Fort Drum, NY (MSA)","Wausau, WI (MSA)","Huntington-Ashland, WV-KY-OH (MSA)","Bloomington-Normal, IL (MSA)","Atlantic City-Hammonton, NJ (MSA)","St. Cloud, MN (MSA)","Binghamton, NY (MSA)","New Bern, NC (MSA)","Dothan, AL (MSA)","Kokomo, IN (MSA)","Muskegon, MI (MSA)","Blacksburg-Christiansburg-Radford, VA (MSA)","St. Joseph, MO-KS (MSA)","Ames, IA (MSA)","Goldsboro, NC (MSA)","Hot Springs, AR (MSA)","Fort Smith, AR-OK (MSA)","Burlington, NC (MSA)","Appleton, WI (MSA)","Flagstaff, AZ (MSA)","Walla Walla, WA (MSA)","Pueblo, CO (MSA)","Fort Walton Beach-Crestview-Destin, FL (MSA)","Rome, GA (MSA)","Napa, CA (MSA)","Odessa, TX (MSA)","Amarillo, TX (MSA)","Laredo, TX (MSA)","Salinas, CA (MSA)","Wichita Falls, TX (MSA)","Stockton-Lodi, CA (MSA)","Vallejo-Fairfield, CA (MSA)","Sherman-Denison, TX (MSA)"
2000-01-01,5196.188,1265.715,4281.905,2404.273,1317.58,4739.414,3278.661,5025.806,1340.417,1656.835,2194.022,2701.634,1393.37,4821.031,9117.732,3052.379,18352.743,1842.924,561.9,,804.436,1619.514,2429.023,1531.156,1126.224,4402.611,4136.658,1208.269,185.469,1315.616,4457.471,1936.108,2981.616,861.369,1719.262,2014.665,1053.394,349.562,550.875,5693.275,2147.948,617.573,1097.874,188.344,1165.132,1808.442,426.151,443.916,129.681,,370.492,275.827,477.213,343.798,321.372,972.653,344.808,468.874,1169.159,659.224,2557.501,293.668,1100.196,769.117,1502.305,848.521,848.093,254.07,827.227,282.164,214.093,2824.987,1739.669,731.712,409.656,413.171,645.536,540.111,116.618,649.181,222.387,1041.595,707.429,489.359,504.044,198.132,232.719,260.285,254.418,233.142,166.903,174.784,483.21,160.108,175.5,403.199,680.942,3277.578,1580.387,500.235,485.378,174.791,369.775,612.149,743.092,445.06,559.537,280.734,592.703,146.026,,1586.744,115.511,,423.413,140.886,148.258,444.874,418.826,283.337,271.669,448.543,275.58,382.409,102.081,347.002,250.13,572.045,375.82,222.696,299.428,181.989,153.156,498.252,201.586,884.42,91.079,324.491,336.893,602.171,379.919,208.304,110.006,1150.915,192.71,193.425,111.342,224.8,253.152,267.955,113.008,400.061,649.817,436.885,663.484,332.022,384.688,320.593,175.831,143.005,107.236,323.505,320.434,193.463,239.49,91.256,298.438,164.427,85.85,741.937,342.992,119.741,83.171,168.886,129.84,210.511,406.966,,824.992,96.662,107.581,695.971,,391.066,66.554,183.045,232.355,348.222,110.158,103.845,99.379,110.091,,193.26,111.248,376.127,680.453,167.76,109.541,,477.735,57.952,,103.475,,194.01,801.444,105.812,573.398,336.443,368.628,12398.95,316.977,223.526,113.387,132.182,142.246,246.838,,309.387,152.24,109.039,117.488,,209.931,,259.575,509.454,199.59,124.325,149.774,170.043,93.012,143.006,103.313,145.079,288.503,144.661,366.602,,101.841,239.107,93.226,321.042,181.798,163.668,177.831,114.675,,103.22,374.521,343.12,104.655,,125.905,288.355,150.897,253.038,168.045,252.042,,131.053,101.528,170.485,151.479,123.967,80.127,113.297,88.35,273.816,131.521,202.508,116.717,,141.839,170.966,90.811,124.545,120.685,227.117,194.523,403.065,151.584,567.968,396.974,110.993
2001-01-01,5354.623,1324.426,4432.95,2442.189,1343.263,4851.189,3388.445,5120.256,1375.381,1708.955,2246.785,2719.279,1456.549,4927.274,9192.501,3094.38,18490.029,1865.245,567.887,,835.602,1642.112,2418.223,1556.076,1148.044,4443.31,4179.628,1216.654,186.851,1311.131,4479.232,1975.589,3024.111,867.707,1743.796,2035.68,1060.335,359.646,557.487,5722.541,2144.528,625.319,1107.695,193.493,1172.461,1865.891,435.352,458.557,129.861,,373.87,281.734,482.729,347.907,323.975,988.989,355.153,485.564,1163.528,663.781,2577.904,297.013,1111.363,775.38,1511.299,865.694,846.089,264.232,829.49,283.457,215.561,2867.094,1745.147,739.531,415.0,420.362,652.373,556.604,120.667,657.598,222.792,1041.069,709.848,495.448,511.777,201.918,235.713,264.393,256.794,235.95,169.135,177.884,490.191,158.291,177.511,401.28,684.78,3376.256,1589.404,502.964,491.393,176.297,374.733,617.414,750.083,451.291,555.681,281.524,604.908,147.802,,1596.35,116.759,,429.861,146.87,149.807,452.75,422.803,285.858,278.981,450.807,276.392,388.182,102.916,348.352,253.407,574.528,374.642,222.806,297.652,182.085,155.006,501.182,202.785,888.036,90.673,329.234,338.125,598.499,396.239,212.544,109.889,1156.981,196.382,194.245,111.019,224.906,260.746,270.981,114.177,400.094,648.961,437.901,674.028,334.474,381.705,326.877,176.193,142.49,106.496,324.829,325.839,192.809,243.502,94.624,298.222,166.678,86.695,748.739,342.977,119.755,84.191,173.285,131.651,211.813,407.339,,828.61,97.575,108.817,698.288,,393.586,66.873,193.06,233.348,352.544,110.061,104.148,99.476,109.654,,193.798,113.289,375.926,681.62,171.25,111.707,,485.81,57.47,,104.876,,194.657,812.426,105.554,588.533,342.262,372.592,12525.736,316.657,226.726,115.324,134.878,146.008,248.185,,307.023,150.995,109.643,119.287,,209.363,,261.007,510.511,201.094,125.363,149.659,169.405,93.623,142.234,102.914,144.918,288.709,143.929,365.146,,101.308,239.893,94.298,323.992,183.797,163.342,178.272,112.236,,105.248,377.155,346.821,104.233,,126.127,287.09,152.622,254.89,171.693,251.448,,131.266,101.419,171.242,153.029,123.968,80.057,112.952,89.311,275.457,133.497,205.34,117.803,,144.13,171.966,91.165,126.731,120.591,228.333,199.914,407.065,150.142,591.0,403.862,112.375
2002-01-01,5476.578,1353.176,4555.49,2483.575,1363.834,4978.638,3496.957,5212.602,1406.699,1756.852,2276.25,2733.818,1515.571,5014.571,9245.135,3121.895,18590.085,1890.419,572.407,,863.488,1659.344,2408.973,1578.239,1172.801,4459.011,4165.678,1226.669,189.271,1311.39,4486.067,2010.666,3053.303,874.815,1777.397,2050.03,1065.089,369.93,566.543,5755.874,2140.552,632.944,1120.187,197.895,1180.018,1921.903,441.951,474.109,130.177,,377.81,288.186,487.718,353.145,327.044,1001.874,365.239,499.028,1158.368,666.252,2600.58,301.662,1125.329,782.384,1521.102,886.063,845.416,275.367,833.752,286.315,217.272,2901.235,1728.245,753.67,419.455,427.823,656.811,566.091,125.468,663.454,224.432,1041.12,713.558,500.966,519.57,206.28,238.21,271.261,259.155,238.868,171.01,180.592,496.973,158.118,180.546,402.858,688.771,3483.348,1610.0,506.413,498.428,177.537,379.655,623.045,755.875,458.4,552.49,281.92,618.388,149.76,,1608.751,118.197,,435.38,151.775,152.213,461.783,427.045,288.747,281.941,453.042,275.792,390.921,104.289,350.374,255.764,578.622,373.855,223.394,296.402,183.736,157.069,504.423,203.959,890.635,90.409,333.619,342.404,593.748,405.742,216.607,110.015,1165.667,202.549,194.497,110.86,225.024,265.659,274.541,115.235,398.417,648.854,438.775,689.204,340.032,381.019,335.953,176.552,142.28,105.994,327.394,332.703,192.578,246.332,99.432,298.432,169.489,87.414,756.321,343.77,121.497,84.692,178.39,134.577,213.351,407.872,,832.376,98.393,109.34,699.606,,396.06,67.371,203.57,235.499,358.302,109.441,104.873,99.944,109.584,,194.704,116.39,376.14,685.689,174.98,114.0,,494.239,57.635,,106.208,,196.345,828.245,105.781,607.449,349.544,378.285,12634.977,316.202,230.9,117.807,136.542,149.473,249.82,,306.123,149.851,110.253,122.131,,209.054,,263.098,513.711,202.511,126.694,153.28,169.977,94.313,141.466,102.815,145.137,288.858,143.412,365.454,,100.84,242.115,95.031,327.08,186.567,162.133,179.721,112.009,,108.937,380.629,348.183,104.901,,126.299,286.049,155.63,258.169,175.136,251.29,,131.633,101.055,171.811,152.608,123.963,81.612,112.804,90.151,277.093,135.314,208.137,120.39,,146.735,175.924,92.612,128.584,121.768,230.227,205.096,409.21,150.331,608.367,407.855,113.256
2003-01-01,5582.033,1382.693,4673.146,2522.78,1386.743,5084.017,3600.163,5280.671,1436.89,1803.474,2297.441,2743.862,1572.924,5086.376,9286.162,3138.938,18671.32,1912.368,577.255,,889.313,1678.827,2400.193,1600.165,1194.706,4458.187,4153.143,1238.075,191.99,1312.039,4492.756,2034.0,3078.253,876.919,1808.267,2066.256,1073.439,382.645,576.539,5787.788,2136.026,641.551,1131.487,203.151,1190.011,1967.052,446.376,490.139,130.75,,381.906,294.349,492.354,358.448,332.429,1016.377,374.743,510.787,1154.212,669.292,2621.815,304.965,1139.312,790.535,1528.417,903.32,845.508,284.896,839.741,281.683,219.485,2926.814,1723.138,766.154,426.187,433.589,661.123,572.399,129.322,673.209,225.715,1039.674,719.116,506.179,526.419,211.086,241.527,279.156,261.085,241.31,173.946,182.525,504.107,158.053,183.345,403.458,694.672,3611.625,1631.596,509.465,508.118,179.461,385.508,629.617,759.978,465.989,550.507,282.2,631.336,151.486,,1617.323,119.631,,439.368,155.887,154.726,471.114,430.867,290.972,282.126,454.6,275.582,393.018,106.193,351.715,259.146,579.8,372.866,224.95,295.786,186.119,159.023,509.068,204.323,892.311,89.816,337.039,346.913,589.856,418.064,220.081,110.42,1173.575,208.714,195.194,111.378,225.567,268.671,278.417,115.849,397.707,649.679,439.544,706.963,346.49,380.03,347.111,178.196,141.943,105.417,330.447,339.131,193.277,249.228,104.274,298.939,171.822,88.241,765.926,345.355,122.419,84.756,183.4,136.576,215.601,408.421,,837.258,99.203,109.259,700.286,,398.574,67.957,210.635,238.988,362.463,108.761,105.786,100.782,109.125,,195.573,119.996,376.825,689.157,177.821,116.91,,502.985,58.196,,108.319,,197.353,844.194,106.395,627.164,357.097,386.399,12717.433,315.623,236.598,119.836,138.453,152.138,249.989,,306.154,148.71,112.656,124.51,,208.182,,265.341,516.171,203.265,128.121,156.018,170.646,94.427,141.263,102.698,145.545,289.522,141.915,364.769,,100.465,243.494,96.01,331.209,189.469,161.54,180.223,110.484,,111.851,384.547,348.905,104.891,,126.4,286.179,157.257,261.81,177.998,249.645,,132.998,100.923,172.48,152.89,123.979,81.453,112.777,91.196,278.393,136.018,210.245,121.545,,147.931,178.644,93.461,129.8,122.021,232.791,210.229,410.419,150.809,625.236,408.397,114.358
2004-01-01,5689.982,1418.999,4802.3,2578.104,1416.452,5190.444,3723.359,5362.678,1471.706,1866.597,2321.712,2759.153,1646.875,5158.524,9332.09,3163.703,18747.431,1935.84,583.166,,916.79,1696.238,2387.819,1622.935,1222.731,4456.479,4143.522,1249.048,193.76,1314.721,4498.311,2052.776,3106.569,877.172,1843.927,2083.905,1081.705,397.168,590.096,5822.876,2128.958,648.53,1140.779,209.325,1200.01,2004.144,451.315,512.18,131.513,,386.42,304.149,497.235,363.221,336.783,1030.597,385.049,523.634,1148.714,671.681,2638.066,310.31,1155.33,800.459,1533.932,924.205,845.594,295.453,843.928,286.68,222.335,2935.672,1724.074,780.865,432.055,440.052,665.024,579.81,134.08,685.098,227.014,1038.019,725.57,509.528,533.567,218.22,244.887,289.817,263.028,244.06,178.167,184.806,511.589,158.571,186.172,406.835,702.433,3745.32,1651.753,514.331,521.029,183.73,392.696,637.233,763.372,476.695,549.039,279.79,648.989,153.284,,1616.874,121.698,,445.001,159.745,157.841,480.882,435.011,294.375,284.815,456.759,274.962,396.542,109.171,353.327,261.093,581.206,372.754,227.013,295.682,187.178,161.371,515.995,204.786,892.291,89.366,340.622,349.048,585.692,442.891,223.535,110.59,1175.284,213.478,196.461,111.615,226.331,271.83,280.763,117.503,397.521,649.089,439.88,726.029,348.412,380.324,362.249,179.378,141.852,104.536,331.876,346.057,193.715,252.323,110.294,298.765,174.15,88.76,776.048,346.745,124.461,85.796,189.532,138.204,216.757,408.52,,838.429,99.747,110.001,700.587,,400.163,68.659,217.706,239.311,366.499,108.59,106.324,102.132,108.921,,196.067,123.811,379.457,690.553,181.715,121.553,,515.89,58.589,,110.243,,198.362,857.162,106.512,646.523,364.33,394.996,12764.59,315.68,243.004,124.105,140.758,156.281,254.385,,305.911,147.704,112.99,127.095,,207.774,,266.89,517.793,204.412,129.871,161.242,171.119,95.424,141.63,102.657,146.36,290.386,141.565,366.024,,100.324,245.493,96.759,334.622,191.697,161.691,180.95,113.63,,114.13,389.177,350.876,105.245,,126.71,285.28,158.395,266.015,179.458,248.337,,134.264,100.66,173.054,153.252,123.467,81.897,113.569,92.028,280.135,137.653,212.167,123.349,,148.578,182.22,93.864,130.007,123.243,235.113,215.775,408.867,151.064,640.964,408.346,114.908
2005-01-01,5816.407,1464.309,4947.012,2638.814,1450.538,5299.567,3884.588,5443.159,1519.448,1939.766,2353.518,2773.155,1708.846,5229.267,9362.08,3202.388,18798.114,1958.504,590.654,,953.157,1714.463,2372.328,1645.027,1248.524,4458.891,4149.607,1261.429,196.445,1313.46,4494.398,2084.053,3132.772,881.652,1878.12,2102.422,1090.441,413.777,601.429,5850.621,2118.249,658.316,1155.093,215.259,1209.493,2028.664,458.118,541.542,132.227,,390.854,316.442,502.842,370.064,341.471,1044.845,394.881,543.915,1139.328,673.162,2649.586,314.19,1174.017,810.493,1536.32,948.965,843.575,306.64,846.357,288.193,223.819,2941.77,1737.313,798.722,439.164,444.84,673.638,588.385,140.962,691.99,227.607,1033.47,729.886,511.498,540.145,228.708,251.845,301.714,265.919,248.066,179.013,187.823,522.76,158.713,189.91,410.253,708.683,3861.335,1659.317,517.352,538.638,185.854,400.373,645.679,767.149,485.94,548.529,278.933,668.2,156.24,,1609.677,125.35,,452.906,165.245,161.586,491.114,440.145,296.463,286.545,456.491,274.086,398.927,111.855,356.229,262.771,583.759,372.916,228.163,294.436,188.888,163.933,521.493,205.016,891.015,88.351,343.858,344.849,580.716,463.583,227.638,110.943,1178.556,218.631,199.453,112.081,227.102,275.477,284.161,117.975,398.369,646.13,439.216,747.315,354.424,380.272,376.043,180.148,140.713,103.68,335.242,351.851,193.975,254.312,119.119,300.078,176.068,89.434,786.034,347.636,126.132,86.201,197.533,139.809,218.34,407.753,,839.408,99.698,110.772,700.649,,402.638,69.442,225.856,235.769,371.482,109.145,106.56,103.539,108.513,,196.698,125.862,381.444,691.924,185.356,126.641,,526.088,58.966,,112.176,,199.424,867.438,106.662,665.475,370.735,403.653,12761.175,315.73,249.556,126.778,142.228,153.407,256.655,,304.426,146.726,114.606,129.457,,206.426,,265.443,520.431,205.046,131.889,158.942,171.172,96.359,141.836,102.602,147.128,292.054,141.543,367.334,,99.507,247.352,97.648,338.877,194.087,161.861,181.305,111.866,,116.548,393.788,353.589,104.885,,127.532,284.527,159.374,268.318,181.477,246.776,,135.622,100.6,173.907,154.546,123.58,81.757,113.221,93.253,282.427,139.28,214.105,124.804,,149.677,183.398,94.159,129.859,124.187,237.767,220.968,405.09,149.8,654.451,406.605,115.526
2006-01-01,5999.411,1528.958,5119.641,2684.639,1489.156,5484.883,4046.571,5466.743,1583.869,1999.994,2399.62,2791.682,1778.129,5265.012,9398.855,3259.945,18825.633,1984.954,602.989,,998.979,1737.17,2361.482,1671.898,1279.132,4473.477,4162.783,1280.666,200.435,987.535,4484.542,2123.96,3167.666,892.635,1932.72,2122.711,1103.572,430.316,617.619,5880.912,2106.336,671.227,1174.737,222.072,1222.544,2050.618,468.25,565.956,133.903,,397.918,329.375,510.542,379.304,347.359,1072.748,402.383,566.842,1130.913,673.647,2662.048,321.356,1195.634,820.051,1540.301,975.476,841.558,311.65,850.541,290.057,225.559,2947.222,1754.557,817.973,448.413,449.566,685.582,601.15,148.67,705.32,229.027,1031.458,764.799,512.073,547.093,240.735,252.809,313.964,270.735,253.757,183.113,190.46,533.704,158.704,194.404,411.889,720.756,3968.504,1672.386,523.038,557.477,189.263,410.795,657.664,770.744,494.302,547.986,279.929,677.166,159.691,,1603.83,128.217,,463.033,171.867,163.802,503.264,447.211,298.302,291.449,455.947,273.716,401.242,115.33,362.66,266.327,588.228,373.818,230.171,293.41,191.544,168.607,530.664,205.681,888.526,88.164,346.042,348.072,576.344,491.423,233.335,111.534,1182.625,223.72,203.919,112.453,227.488,281.215,287.388,119.112,402.199,644.844,437.395,768.209,358.547,373.058,387.481,181.852,141.371,102.93,339.28,359.341,190.401,256.851,126.72,301.615,178.749,90.877,796.488,348.728,128.599,87.246,206.672,141.432,221.056,407.966,,841.055,99.997,112.16,700.013,,406.112,70.259,234.387,239.543,378.682,109.179,106.971,105.289,107.973,,198.008,128.214,387.166,693.366,188.837,130.353,,530.319,59.641,,114.416,,201.2,878.024,107.669,683.719,376.882,409.641,12713.66,316.071,256.333,129.98,144.271,154.885,225.681,,303.509,145.822,117.083,133.651,,204.728,,268.331,525.594,205.515,135.356,161.054,172.859,98.953,142.454,102.854,152.167,294.767,140.875,368.746,,99.209,254.839,99.933,344.269,196.165,162.314,181.551,112.293,,118.402,399.279,356.726,104.291,,128.834,284.789,161.802,269.495,183.771,246.163,,137.835,100.055,174.092,156.064,124.357,83.476,112.697,95.492,286.401,141.472,216.284,126.029,,151.814,182.462,94.973,130.818,126.076,239.878,225.985,401.374,149.444,659.897,406.181,117.03
2007-01-01,6156.652,1594.525,5267.527,2711.222,1524.92,5597.674,4175.595,5465.183,1650.974,2034.878,2449.476,2806.368,1838.635,5313.033,9451.936,3307.36,18901.167,2011.857,616.954,,1045.871,1759.348,2357.141,1697.656,1301.097,4503.921,4202.186,1290.61,202.941,1109.415,4456.582,2163.577,3204.196,905.678,1984.766,2148.315,1112.838,444.133,631.984,5912.678,2099.185,682.143,1191.244,227.961,1237.027,2075.119,479.218,585.264,134.465,,404.372,339.517,515.81,387.705,353.548,1092.594,410.616,586.286,1125.965,675.351,2669.702,329.518,1212.476,829.183,1544.818,996.593,839.563,313.463,852.019,286.905,228.241,2975.656,1778.432,834.685,455.492,450.333,696.287,607.267,153.405,719.622,229.997,1031.485,772.041,513.791,554.887,250.904,262.17,323.032,276.725,257.114,186.71,192.51,544.24,159.005,198.018,411.528,727.828,4048.913,1671.637,529.045,573.483,192.358,419.981,666.49,774.732,498.769,549.212,279.804,682.868,162.132,,1599.496,130.791,,471.997,178.838,163.3,517.37,456.187,300.914,295.691,455.516,273.889,402.731,119.21,365.605,269.144,595.342,375.36,232.288,293.381,193.357,172.824,533.801,206.363,889.067,88.058,347.807,351.017,571.145,522.453,238.717,112.267,1186.341,228.962,206.189,112.808,228.615,286.927,290.809,120.599,405.234,644.437,434.086,784.687,371.643,375.725,399.326,182.942,141.948,101.843,344.812,360.908,191.546,258.808,132.298,303.577,180.773,91.761,805.352,350.065,130.229,87.88,212.004,143.369,223.487,408.592,,843.619,100.413,112.694,700.559,,409.659,71.817,242.25,238.087,385.065,110.367,106.695,106.999,107.373,,199.027,131.291,387.662,694.725,192.843,133.922,,534.407,59.935,,116.261,,202.903,889.888,108.245,701.862,382.703,416.189,12692.603,316.944,261.279,132.837,146.688,157.235,231.583,,303.401,145.061,118.416,138.289,,202.006,,264.481,529.783,206.155,138.879,163.613,172.588,100.557,143.128,103.216,152.717,296.975,140.187,371.015,,99.564,256.826,101.64,350.765,198.346,162.455,181.53,114.503,,120.837,402.476,360.105,104.223,,129.993,284.743,163.983,269.945,186.075,245.38,,139.762,99.81,174.259,157.649,125.737,85.232,113.3,96.499,289.474,144.824,218.007,127.451,,154.348,180.911,95.117,131.949,128.874,241.848,230.848,402.116,148.238,665.246,405.994,118.191
2008-01-01,6301.085,1654.1,5385.586,2730.007,1556.368,5726.705,4287.323,5501.752,1706.469,2060.968,2500.384,2818.688,1879.093,5377.936,9515.636,3356.637,18968.501,2046.083,630.098,,1090.408,1779.822,2355.391,1720.796,1316.528,4544.705,4260.236,1298.529,207.14,1168.547,4423.781,2203.745,3237.612,916.037,2030.691,2158.643,1123.146,455.408,647.194,5940.496,2094.051,692.21,1207.519,233.503,1249.739,2101.138,490.907,588.709,135.981,,409.001,348.054,520.089,397.228,357.171,1111.6,416.657,598.719,1124.055,673.345,2677.712,334.562,1227.115,839.265,1550.451,1009.832,837.036,315.533,854.301,287.251,230.849,3019.274,1810.646,846.582,464.042,453.132,707.185,616.975,157.73,732.558,230.735,1033.155,779.34,516.026,562.065,258.79,261.757,327.172,282.52,259.179,189.926,195.012,554.101,159.059,201.16,413.206,738.416,4092.831,1670.225,534.612,580.282,195.948,426.125,675.921,776.505,497.344,549.321,279.647,685.926,164.182,,1599.312,133.105,,480.063,184.731,163.802,530.998,462.408,302.322,300.452,454.605,275.188,404.074,123.123,365.596,271.582,603.205,376.98,234.881,292.833,195.783,176.589,537.194,207.305,894.401,87.902,344.767,354.334,566.425,539.754,245.571,112.945,1191.17,237.206,208.902,113.422,229.774,292.889,294.665,122.697,409.132,645.016,428.859,797.145,379.569,377.477,404.726,184.165,142.764,101.307,348.425,365.79,192.972,260.891,135.678,304.679,183.394,92.576,811.669,350.614,133.675,88.984,214.93,145.362,223.998,408.782,,845.573,101.027,113.008,699.954,,411.625,73.057,248.852,239.865,390.561,110.754,107.061,108.301,107.597,,200.231,133.47,389.389,696.869,196.96,136.998,,536.314,60.26,,118.373,,204.496,903.133,109.152,721.275,389.164,422.343,12768.395,318.129,264.278,134.293,149.359,157.736,236.155,,303.331,144.488,122.049,141.905,,200.858,,265.83,533.802,207.028,141.0,169.233,172.981,101.537,143.826,103.435,153.451,298.92,139.818,372.638,,99.772,259.773,103.02,353.381,200.298,163.659,181.722,112.249,,124.362,404.771,363.237,104.313,,131.043,284.903,165.571,270.609,187.672,244.87,,141.446,99.45,174.569,158.521,126.051,86.219,113.419,97.7,290.977,147.91,219.78,128.426,,156.009,179.529,95.696,133.591,131.18,243.682,235.937,405.66,147.607,668.753,406.293,118.786
2009-01-01,6447.615,1705.075,5475.213,2747.272,1582.264,5867.489,4364.094,5547.051,1745.524,2082.421,2552.195,2828.99,1902.834,5476.241,9580.567,3407.848,19069.796,2067.585,639.617,,1125.827,1801.848,2354.957,1743.658,1328.144,4588.68,4317.853,1304.926,212.268,1189.981,4403.437,2241.841,3269.814,929.015,2072.128,2171.896,1131.07,464.623,659.191,5968.252,2091.286,699.247,1227.278,238.122,1258.577,2127.355,501.228,586.908,137.486,,412.672,354.525,524.303,406.316,360.013,1130.293,419.261,606.376,1123.804,672.22,2690.886,343.092,1238.187,849.517,1559.667,1020.2,835.063,318.537,857.592,292.795,233.378,3053.793,1839.7,857.903,470.849,455.102,714.765,626.227,158.629,744.73,231.576,1035.566,786.947,516.826,570.025,263.868,268.546,328.547,286.822,260.69,192.222,196.766,562.906,160.07,204.665,416.095,751.296,4143.113,1674.498,539.154,583.403,200.102,430.9,685.488,778.009,495.89,549.454,280.291,688.126,166.234,,1600.642,135.883,,484.921,187.743,164.767,541.569,468.684,304.783,303.482,453.603,276.368,405.906,126.131,366.401,276.659,612.683,379.066,239.054,293.28,197.381,179.715,540.866,208.182,901.208,88.331,347.563,360.355,562.963,555.551,250.979,113.636,1195.998,245.649,210.839,114.081,230.824,298.382,298.012,124.766,411.721,646.084,424.043,807.407,379.231,378.477,406.296,185.598,144.36,100.694,351.109,374.553,194.138,261.957,137.473,305.629,185.618,93.234,816.012,351.911,135.804,90.273,215.686,147.532,226.132,408.005,,848.006,101.779,113.629,699.935,,414.315,74.508,254.759,240.862,396.103,111.063,106.539,109.937,107.434,,200.653,135.715,391.516,698.903,200.434,139.39,,536.357,60.643,,119.534,,206.874,915.267,110.119,741.152,396.371,429.668,12874.797,317.538,266.149,135.167,152.263,156.952,238.772,,304.214,143.998,123.086,146.093,,200.05,,266.83,536.919,208.055,143.093,173.064,174.086,101.966,144.238,103.645,154.101,300.399,139.671,375.865,,99.736,263.171,103.841,353.722,201.286,164.913,181.44,113.228,,127.945,407.125,365.364,104.495,,131.612,285.624,167.699,271.712,189.148,244.694,,142.693,98.787,173.951,159.587,126.644,87.214,113.811,98.479,293.063,150.358,221.894,129.849,,157.224,178.473,96.25,134.65,134.625,246.474,241.438,410.37,147.421,674.86,407.234,120.03
2010-01-01,6392.097,1727.514,5302.733,2788.433,1650.887,5947.185,4204.289,5583.46,2250.187,2139.227,2554.588,2790.104,1952.64,5678.733,9470.661,3449.355,18923.437,2013.423,825.646,12838.023,1137.386,1906.408,2357.121,1892.663,1348.967,4566.448,4343.886,1317.533,229.46,1195.368,4291.281,2232.27,3340.07,939.868,2153.021,2140.963,1061.728,442.308,667.495,5971.202,2075.476,816.021,1257.804,229.11,1204.684,2153.61,566.291,620.481,149.346,94.286,425.365,255.71,529.167,419.282,369.351,1091.499,425.966,617.899,1135.634,651.392,2715.794,348.672,1188.423,867.705,1556.708,981.649,799.706,322.576,871.101,309.504,253.799,3103.26,1841.545,889.581,473.425,450.993,725.292,650.562,157.744,769.682,232.199,1079.975,827.673,513.925,606.653,378.365,274.994,331.341,284.769,305.357,193.436,201.913,608.942,165.59,210.407,404.675,807.02,4242.365,1717.11,566.712,603.119,209.465,437.362,702.326,994.27,590.527,563.79,280.809,703.384,190.95,235.939,1603.169,140.815,187.792,641.236,180.07,169.209,599.756,515.574,306.749,295.056,534.902,290.547,401.064,133.818,375.111,292.269,623.898,379.773,244.249,299.222,199.019,168.865,588.285,210.465,919.371,88.895,345.98,490.502,564.76,530.296,253.011,114.775,1214.08,255.543,239.492,118.42,234.267,300.453,302.975,126.731,430.955,663.132,424.959,841.365,408.299,389.257,425.202,160.14,143.902,100.099,351.948,383.491,199.938,,138.397,309.488,207.228,96.849,821.768,311.809,140.067,90.899,210.99,144.526,218.268,404.207,139.409,863.398,101.743,179.767,703.056,956.32,389.307,75.477,254.224,251.696,391.488,111.458,107.712,111.26,107.678,118.32,205.674,168.518,399.959,694.951,201.549,138.86,83.66,544.0,61.042,210.689,116.939,121.463,280.493,932.011,113.427,779.091,407.608,442.953,,319.044,269.857,138.277,153.031,159.897,389.356,169.815,277.821,143.458,128.527,146.266,98.637,199.871,141.177,274.019,550.112,211.543,162.866,186.918,204.681,102.358,147.265,104.44,154.088,308.602,138.272,416.056,116.887,103.176,467.617,112.524,349.184,203.357,167.924,182.422,131.568,183.121,126.17,412.041,365.582,142.557,116.609,162.841,371.061,,274.654,189.233,251.486,127.427,145.871,82.753,171.923,163.139,127.274,115.932,122.891,96.08,248.393,151.437,225.884,134.624,58.915,159.401,,96.436,136.752,137.06,252.666,251.358,416.358,151.657,687.115,413.963,121.029
2011-01-01,6510.55,1780.679,5367.069,2813.619,1674.83,6056.008,4253.485,5668.482,2281.611,2176.297,2603.261,2795.528,1962.162,5783.752,9500.919,3504.376,19053.124,2025.864,833.352,12923.899,1162.307,1926.556,2360.741,1910.895,1362.204,4610.267,4396.273,1323.952,231.463,1214.209,4291.613,2263.267,3373.773,945.873,2193.95,2146.885,1064.114,452.961,681.449,5996.995,2069.115,820.819,1277.178,232.185,1212.009,2172.929,572.619,631.198,149.558,98.011,428.22,259.186,533.759,425.176,371.296,1106.9,427.971,627.804,1135.627,650.245,2734.058,355.674,1197.332,876.169,1561.423,988.5,800.98,327.67,872.87,315.415,255.7,3137.236,1867.985,898.123,479.004,455.274,730.192,660.754,159.683,776.353,232.734,1081.635,831.605,516.159,613.272,385.741,277.558,332.325,286.18,307.046,194.384,203.683,618.362,166.651,212.77,407.733,823.205,4294.436,1723.56,570.971,610.026,213.3,440.517,710.813,1002.59,592.031,563.792,281.244,709.917,194.057,238.818,1603.184,144.194,189.167,644.284,182.299,169.587,605.652,516.973,308.623,300.045,536.663,290.62,402.832,134.98,375.596,295.4,625.391,380.773,245.899,298.614,199.6,170.813,593.45,211.752,928.099,88.916,350.072,499.299,562.339,541.161,256.439,115.272,1216.165,263.497,240.408,117.767,234.716,305.32,306.67,127.947,430.482,662.564,422.062,848.651,412.491,390.924,428.385,161.769,144.188,99.056,354.119,388.434,200.553,,141.288,309.145,208.498,97.335,824.86,312.741,142.045,91.44,211.081,145.876,219.922,403.344,139.972,863.974,101.861,179.704,703.262,967.51,392.37,76.431,258.867,254.351,393.995,111.328,107.458,111.873,107.423,118.778,205.832,171.588,403.962,698.094,203.503,140.986,83.825,544.442,61.428,213.265,117.578,122.694,282.441,939.251,114.532,795.305,413.116,446.709,,318.936,272.056,139.122,155.95,159.926,393.855,170.939,276.86,142.59,130.791,147.205,98.493,198.929,139.782,273.086,552.353,213.291,164.829,185.068,204.902,102.313,147.16,104.356,154.416,309.172,137.823,416.727,118.175,102.646,470.988,112.898,347.79,204.798,168.459,182.458,132.294,186.579,127.613,413.027,364.523,142.027,117.809,162.858,371.168,,274.635,190.11,250.256,128.164,146.644,82.805,170.056,163.471,127.725,117.451,124.055,96.884,249.317,152.712,227.5,134.309,59.452,160.208,,96.174,137.668,139.631,255.996,255.877,420.379,150.333,694.265,416.325,121.429
2012-01-01,6644.519,1834.861,5445.543,2844.256,1704.175,6183.119,4330.536,5746.09,2319.298,2226.08,2650.895,2797.309,1989.644,5881.329,9528.134,3559.719,19150.453,2039.21,841.134,13010.104,1188.058,1947.602,2360.917,1930.01,1378.027,4657.545,4455.918,1331.735,234.188,1227.264,4300.923,2289.205,3406.567,952.694,2237.076,2153.475,1067.725,462.438,697.254,6017.788,2065.018,825.215,1298.039,237.105,1220.448,2190.259,581.939,644.451,149.68,101.727,431.151,262.848,538.322,430.159,375.356,1123.95,431.328,637.657,1134.722,648.893,2755.152,361.896,1211.395,884.797,1567.445,993.231,801.814,332.33,874.851,322.904,256.941,3175.148,1894.309,902.091,485.365,461.841,735.614,669.356,161.408,783.524,232.774,1081.664,836.394,517.816,619.908,393.48,287.642,333.945,288.283,308.339,196.017,205.636,626.897,167.483,214.824,413.227,835.471,4333.851,1734.772,576.421,615.581,217.763,444.487,717.916,1013.729,595.172,563.855,281.416,720.55,196.604,247.172,1606.097,148.67,193.166,646.858,184.136,171.818,612.307,519.099,310.622,304.717,537.121,290.223,404.439,136.188,374.961,297.888,628.264,382.56,246.064,298.01,200.525,173.021,595.691,212.123,935.293,89.162,352.685,502.91,558.594,550.27,258.613,115.994,1215.477,268.091,242.413,117.227,234.445,310.983,310.414,130.142,431.04,661.045,418.243,854.392,423.703,389.654,432.074,162.938,143.751,97.454,355.217,392.524,201.146,,144.216,308.713,209.592,98.009,826.157,313.494,144.184,91.614,212.065,146.774,221.202,403.465,138.725,864.732,102.8,179.892,702.224,978.295,394.282,78.62,264.025,254.414,396.092,111.321,107.517,112.663,106.98,118.472,206.084,173.642,407.572,699.22,204.902,142.173,83.743,547.119,61.447,216.51,117.716,123.656,283.083,944.779,116.096,807.93,415.729,449.625,,318.391,273.548,140.515,159.09,162.84,396.98,172.762,276.77,141.563,137.83,147.36,98.244,198.409,139.215,274.173,555.18,214.074,166.05,190.813,205.171,101.669,147.265,104.271,154.424,310.548,137.198,416.937,118.293,101.861,474.308,113.298,345.857,205.939,168.84,181.555,132.586,190.203,128.726,413.552,363.724,142.273,120.335,162.892,371.06,,274.657,190.597,248.986,128.462,147.49,82.853,170.191,164.176,127.947,118.184,124.587,97.043,249.607,153.299,228.613,136.204,59.342,160.763,,95.944,138.504,144.472,257.842,260.487,424.222,151.082,699.444,419.645,121.866
2013-01-01,6753.804,1883.749,5512.111,2881.451,1735.823,6327.622,4404.231,5823.221,2359.584,2270.811,2701.454,2800.314,2017.798,5966.559,9550.227,3613.596,19227.457,2054.764,848.776,13092.451,1213.826,1974.649,2360.416,1954.103,1394.024,4704.297,4520.028,1332.578,237.856,1240.094,4305.782,2312.095,3441.688,962.21,2280.116,2163.183,1073.11,471.356,711.85,6031.789,2067.461,829.313,1320.416,241.883,1232.541,2210.494,590.648,660.197,149.607,106.98,436.078,267.837,542.475,435.695,373.311,1140.316,435.05,649.541,1135.14,648.582,2769.005,365.328,1223.065,894.201,1572.002,997.374,801.68,339.133,877.282,328.084,258.691,3210.788,1923.37,905.143,491.089,467.398,740.78,678.55,165.385,791.238,231.282,1081.961,842.27,520.251,627.101,403.982,285.789,335.196,290.545,309.006,197.639,206.887,638.013,167.515,216.498,419.119,833.918,4368.188,1742.287,580.123,622.808,223.594,448.649,723.532,1025.605,600.547,561.678,280.905,732.177,198.912,252.201,1608.055,151.943,197.443,650.027,186.459,174.704,621.396,521.84,311.987,309.538,538.262,290.266,405.417,136.881,374.231,301.295,630.518,384.016,246.395,297.258,200.541,174.443,596.483,211.766,940.189,88.23,356.474,509.536,555.998,561.958,261.976,116.407,1215.058,270.803,244.499,116.528,233.901,316.426,314.229,132.42,430.923,661.979,415.713,862.727,424.219,391.255,436.634,163.337,143.652,95.82,355.654,397.741,202.261,,147.099,307.957,211.572,97.745,825.817,314.437,143.03,91.288,214.539,147.545,222.964,403.424,140.112,863.035,103.668,179.874,703.778,986.494,396.719,81.175,270.105,252.538,398.059,111.452,107.267,113.102,106.817,119.126,206.039,174.763,406.393,700.196,206.139,144.019,83.683,550.478,61.986,219.282,118.27,125.55,282.638,951.143,117.557,818.047,417.129,452.259,,318.789,275.095,141.961,162.22,164.801,400.176,175.087,275.52,138.858,136.439,147.249,98.118,196.859,138.888,273.093,558.303,214.984,167.057,192.522,205.473,101.497,147.282,103.891,154.654,311.973,136.682,418.183,118.439,101.302,479.931,113.816,344.743,207.313,169.891,180.722,130.812,194.978,129.879,413.975,363.455,142.107,118.617,163.213,370.333,,274.36,191.597,248.081,127.243,147.507,82.761,172.312,165.325,127.691,120.232,124.625,97.734,248.729,154.209,229.95,136.788,59.387,161.096,,95.901,139.522,149.629,258.939,264.28,426.163,151.512,701.831,423.634,122.385
2014-01-01,6889.603,1943.017,5595.218,2928.605,1769.402,6499.375,4490.405,5894.379,2401.734,2325.257,2755.153,2804.482,2053.929,6036.388,9560.285,3676.765,19282.138,2070.383,860.75,13159.972,1241.647,2002.402,2356.945,1971.628,1417.222,4748.757,4585.277,1334.044,242.884,1249.547,4311.488,2345.353,3477.325,969.784,2328.984,2173.558,1076.373,480.778,727.578,6049.852,2067.793,833.342,1336.537,246.268,1239.825,2235.594,599.621,677.71,149.361,112.354,440.012,272.043,544.553,440.595,375.515,1151.813,440.316,663.053,1135.265,647.453,2781.045,371.574,1235.618,903.74,1575.389,1004.521,801.38,347.401,878.388,325.577,260.393,3249.307,1949.177,904.75,495.381,471.04,746.706,686.426,169.631,799.412,230.519,1080.38,847.196,524.338,633.697,416.424,290.07,338.165,293.146,311.93,198.422,209.351,649.876,168.408,219.678,423.371,836.67,4413.584,1752.123,583.461,634.624,228.089,451.837,728.612,1036.412,609.011,560.367,279.66,747.716,200.615,256.318,1611.723,154.682,202.03,653.415,189.156,178.435,630.994,526.646,314.06,312.525,540.242,290.365,407.455,137.891,373.629,306.215,632.986,384.29,246.748,296.027,200.112,175.052,597.547,211.765,944.524,87.239,360.523,511.082,553.267,571.589,265.071,116.572,1214.241,274.175,247.143,115.991,233.799,324.272,319.791,134.35,431.166,660.334,412.95,869.837,426.787,391.713,443.425,164.57,143.632,94.942,358.273,398.832,203.365,,151.231,307.391,212.75,98.712,828.625,315.0,143.543,91.321,217.882,147.876,224.482,403.752,139.707,863.149,103.53,179.404,705.092,988.002,398.703,81.453,277.48,253.568,402.175,111.774,107.411,113.871,106.073,119.498,206.497,175.82,404.731,701.965,208.24,146.687,83.534,555.838,62.108,221.564,119.99,127.058,283.277,960.072,119.291,829.065,418.698,454.858,,319.608,276.977,144.532,164.914,168.208,404.142,174.166,273.728,137.587,135.855,147.215,98.636,195.317,138.907,271.593,561.373,215.878,167.297,192.061,205.597,101.811,147.533,103.417,154.606,312.872,136.364,415.596,119.095,100.631,485.046,114.647,342.472,209.351,170.499,180.435,130.755,199.306,130.88,414.632,363.14,142.006,118.121,163.278,369.134,,272.634,193.172,247.15,126.879,147.895,82.633,172.304,165.784,127.328,122.197,124.634,97.851,248.415,155.439,231.607,137.675,59.548,161.434,,95.894,140.331,154.553,260.859,267.258,427.985,151.943,711.296,428.971,123.628
2015-01-01,7042.322,2002.814,5688.583,2985.475,1805.988,6670.803,4580.345,5969.756,2449.506,2389.577,2814.383,2808.808,2097.832,6099.163,9552.351,3741.711,19322.239,2087.407,873.12,13226.215,1271.668,2028.506,2348.714,1986.92,1445.619,4780.848,4648.164,1335.548,250.639,1261.063,4310.146,2383.354,3505.122,981.356,2379.357,2183.071,1080.114,492.078,746.144,6060.137,2064.569,838.325,1357.524,250.178,1246.817,2263.042,608.185,700.243,149.421,117.229,445.002,277.082,547.654,444.79,377.805,1165.366,446.498,675.173,1133.249,646.261,2791.08,378.224,1247.43,913.591,1576.894,1009.49,800.58,356.288,879.297,323.122,262.686,3280.825,1974.012,906.283,501.782,476.081,751.538,697.515,174.392,809.799,229.887,1077.45,851.614,526.248,640.607,431.672,293.407,342.388,296.741,316.239,202.635,211.691,659.803,169.77,222.45,427.708,834.916,4459.0,1757.775,590.08,648.823,233.263,455.942,731.361,1045.091,621.677,557.999,278.452,767.92,202.314,261.455,1613.99,157.162,207.56,656.489,192.249,181.678,640.617,532.546,315.719,318.408,541.531,289.876,409.229,139.614,373.576,310.173,635.769,383.635,247.648,293.974,200.453,176.178,598.175,211.337,945.323,86.771,363.555,512.548,549.114,583.849,268.175,117.581,1212.187,278.963,249.266,115.55,233.617,333.637,323.291,135.006,431.485,657.863,410.574,876.548,433.038,394.908,453.145,165.255,143.783,94.082,362.257,399.499,205.363,,154.839,306.525,214.038,99.246,830.506,315.16,143.461,91.953,221.019,148.199,225.89,402.527,139.474,860.506,103.187,178.658,704.607,991.755,400.959,82.218,286.493,259.467,408.118,110.884,107.189,115.551,105.271,120.059,206.32,176.413,404.245,701.047,211.942,149.566,83.706,566.133,62.206,223.719,121.589,128.774,283.837,968.889,120.459,838.741,419.062,456.794,,319.937,278.497,147.547,167.274,172.607,406.966,173.222,271.0,136.083,137.221,148.159,100.204,193.384,140.397,269.818,564.935,217.41,168.012,193.402,205.713,103.031,146.963,103.033,154.148,313.323,135.81,412.993,120.303,99.932,489.717,115.844,340.808,211.587,170.921,179.696,129.697,203.101,132.751,415.218,363.458,141.383,116.539,163.225,367.471,,270.206,195.501,245.371,125.497,148.068,82.378,172.506,165.853,126.801,123.212,124.4,97.93,249.038,157.104,233.134,139.1,59.97,163.101,,96.209,140.766,159.859,261.656,269.598,430.178,150.175,721.919,433.378,125.672
2016-01-01,7195.475,2062.808,5791.874,3051.607,1843.004,6806.315,4675.331,6055.139,2501.838,2457.432,2858.489,2807.245,2140.24,6155.359,9533.732,3819.753,19336.456,2108.768,885.098,13259.142,1304.551,2053.509,2341.313,2007.837,1477.702,4812.039,4688.017,1337.158,254.564,1268.633,4317.016,2428.626,3540.411,989.124,2426.051,2193.676,1083.318,504.245,762.649,6070.16,2061.358,845.56,1373.495,254.901,1253.093,2292.043,618.668,723.467,149.786,122.249,450.828,283.751,552.396,449.881,378.908,1185.394,453.994,691.974,1130.547,645.869,2795.27,383.676,1259.571,923.901,1576.522,1017.083,802.321,365.894,880.101,319.304,264.852,3305.462,1987.414,909.571,506.042,482.199,758.916,712.769,180.819,818.003,229.177,1074.684,857.418,529.477,648.935,447.964,294.289,347.958,301.027,321.619,205.344,213.98,671.437,170.087,225.181,429.078,838.371,4509.008,1760.95,595.744,666.271,237.652,458.376,734.433,1055.108,636.708,555.857,276.639,788.933,204.309,266.4,1616.229,159.446,211.93,661.406,196.176,183.765,652.771,541.35,317.443,321.761,545.081,289.545,411.591,142.562,374.203,314.006,637.989,382.46,249.332,292.806,201.656,177.291,599.949,210.516,945.096,85.692,366.96,517.631,544.768,602.152,273.827,118.156,1208.908,283.705,250.404,115.036,233.237,339.394,327.656,136.614,431.776,654.472,409.054,881.094,436.933,396.658,464.2,166.834,143.865,92.51,369.201,402.33,207.668,,159.537,306.359,216.361,100.164,833.649,315.462,144.567,92.415,224.828,148.884,226.899,401.183,138.717,858.159,103.042,178.383,703.79,993.044,403.005,81.025,296.33,263.419,417.088,110.331,107.389,117.121,104.421,120.852,205.975,178.398,402.164,700.193,216.486,153.221,83.485,577.38,62.562,227.266,123.661,130.759,283.793,976.231,120.654,847.759,420.894,458.991,,321.368,280.997,151.281,169.314,178.046,409.317,173.157,268.344,134.517,134.421,149.882,102.058,192.636,142.988,268.639,567.875,217.758,168.302,192.745,205.373,104.76,147.004,102.931,154.162,312.774,134.805,410.962,122.871,99.488,491.143,116.704,339.73,214.6,170.243,179.045,127.478,207.787,135.692,415.911,364.91,141.54,113.28,162.976,365.342,,267.212,196.977,243.433,125.126,147.914,82.395,173.342,166.746,126.656,123.446,124.368,98.356,249.453,160.358,234.212,140.609,60.112,164.883,,96.73,140.778,157.748,262.907,272.053,433.436,150.434,732.662,438.834,128.309
2017-01-01,7337.707,2115.999,5876.763,3110.278,1876.449,6898.912,4760.717,6115.654,2552.701,2519.926,2893.661,2807.599,2183.273,6217.791,9513.947,3888.807,19325.115,2129.425,896.187,13266.524,1335.179,2084.07,2329.971,2028.973,1506.894,4845.221,4711.551,1339.678,259.192,1271.46,4322.49,2457.258,3577.815,991.785,2471.603,2205.111,1086.149,516.104,777.196,6082.355,2057.65,854.346,1381.897,260.357,1260.344,2320.595,626.202,741.188,149.83,125.298,455.609,289.65,556.48,456.205,383.39,1204.763,460.865,710.384,1130.289,644.831,2799.86,386.983,1270.792,932.598,1575.443,1027.115,803.899,373.286,882.423,316.155,268.98,3319.019,1992.441,912.592,512.052,488.295,762.466,725.551,186.971,825.781,229.036,1072.948,855.002,532.557,655.703,464.242,299.371,353.953,306.979,324.739,208.9,216.488,681.922,170.411,227.159,428.549,840.702,4562.905,1763.396,601.007,685.79,241.966,462.661,738.162,1064.02,649.071,556.043,273.855,805.531,206.006,272.385,1618.003,161.808,215.549,666.996,198.854,184.841,664.167,550.387,319.65,323.019,548.129,289.302,413.545,145.638,374.514,317.367,637.847,381.355,249.851,292.173,202.228,178.661,599.554,209.474,944.107,84.825,369.703,518.493,541.388,618.92,280.255,118.496,1207.335,290.032,251.197,114.746,233.047,344.509,331.096,138.693,430.693,651.28,407.673,887.316,443.436,398.139,472.923,167.619,143.228,91.008,375.689,401.544,209.588,,166.195,306.88,218.162,101.012,838.596,314.942,145.48,93.158,228.398,149.687,227.057,399.449,137.443,857.845,102.731,178.396,704.136,986.973,405.535,79.622,306.571,266.636,424.553,109.958,107.507,118.177,104.085,121.915,205.532,179.936,400.469,699.296,221.417,157.594,83.442,588.165,62.988,228.248,125.852,132.445,284.752,984.726,120.553,854.739,421.506,462.072,,321.753,283.221,154.26,171.939,181.998,413.079,172.769,264.411,133.035,132.002,151.435,103.828,192.002,145.619,267.829,571.167,219.224,167.886,195.332,203.968,106.8,147.383,103.076,153.602,313.017,134.636,407.083,125.098,98.59,490.487,117.776,338.139,217.03,169.435,178.65,127.86,212.737,137.949,417.601,367.031,140.657,113.488,163.27,362.317,,265.446,198.731,241.914,124.921,147.981,82.302,173.804,166.714,126.347,123.833,123.201,98.476,250.487,163.326,235.822,141.3,60.683,166.37,,97.459,139.818,156.823,264.131,273.378,433.803,151.091,743.286,443.554,131.085
2018-01-01,7457.586,2166.805,5951.394,3158.674,1906.794,6974.948,4851.83,6140.602,2596.204,2576.297,2933.991,2805.8,2228.97,6256.312,9485.403,3937.546,19289.42,2147.602,907.812,13237.112,1362.879,2105.684,2323.785,2053.475,1534.682,4862.29,4725.613,1343.892,261.577,1271.921,4323.861,2475.249,3611.648,994.033,2512.526,2214.37,1088.545,525.774,790.14,6096.805,2053.841,862.196,1394.449,264.095,1262.81,2343.292,638.311,755.159,149.71,129.351,460.112,294.687,561.285,463.585,384.565,1218.895,468.62,729.654,1130.241,643.692,2802.908,390.196,1282.515,941.298,1575.53,1037.746,805.688,378.657,882.786,318.502,271.429,3332.483,1993.4,915.269,515.155,495.43,767.1,737.904,191.77,833.036,229.647,1073.259,855.501,536.225,660.299,481.751,305.145,359.63,314.49,328.292,211.366,217.739,691.254,171.138,229.86,428.753,840.372,4608.848,1766.989,605.253,707.095,244.94,466.955,740.802,1071.358,659.532,555.464,271.78,820.933,207.2,278.605,1624.118,164.206,218.791,671.341,201.396,186.555,673.386,558.807,321.253,325.438,548.244,289.628,414.917,148.671,373.322,319.673,637.971,380.195,250.633,291.191,203.329,179.673,597.614,208.099,945.511,84.033,370.548,523.805,538.124,633.715,285.672,118.873,1206.733,295.124,251.541,114.298,232.216,351.045,333.653,140.565,430.611,650.59,406.626,893.618,451.657,393.037,481.001,168.29,143.804,89.44,378.807,398.702,210.515,,172.051,307.125,219.861,101.631,843.279,314.703,146.235,94.415,232.467,150.128,226.581,398.544,136.724,856.895,102.382,178.442,703.818,981.076,409.112,79.14,315.36,269.583,430.366,110.134,107.987,119.13,103.674,122.879,205.087,182.578,397.67,699.923,225.098,161.279,83.447,594.978,63.107,230.858,127.728,133.951,285.451,991.298,121.146,860.765,421.446,464.279,,322.734,286.023,157.023,173.098,185.204,414.749,172.368,260.335,131.478,132.067,153.339,104.453,190.841,147.92,267.089,574.584,220.167,168.445,197.069,202.207,108.673,147.703,102.766,152.834,313.21,134.697,403.334,127.455,97.956,489.992,118.363,336.956,219.616,169.059,178.51,126.799,218.071,140.292,420.407,368.218,140.29,112.266,163.164,359.374,,263.994,200.603,240.737,124.82,148.339,82.339,173.719,167.62,125.874,123.105,123.483,99.121,250.493,166.516,237.123,142.914,60.778,167.574,,97.907,138.62,161.859,264.036,274.734,433.359,151.263,752.59,445.931,133.78
2019-01-01,7574.39,2228.106,6027.231,3200.12,1933.455,7063.4,4953.901,6164.887,2640.117,2608.273,2964.811,2805.617,2275.884,6297.454,9454.282,3977.785,19232.494,2161.639,921.594,13182.453,1392.356,2125.507,2317.913,2073.336,1561.806,4876.271,4724.016,1346.346,264.947,1273.979,4319.413,2492.479,3639.892,999.348,2550.147,2225.262,1090.916,535.746,805.084,6104.777,2049.028,869.138,1409.988,269.264,1266.2,2363.654,645.559,772.268,149.243,133.772,463.544,297.321,565.182,471.683,387.452,1230.695,476.574,750.05,1128.376,642.684,2803.903,394.219,1293.983,948.747,1577.455,1049.261,808.488,385.917,879.968,321.601,274.362,3330.459,1985.214,918.865,517.721,503.966,772.485,747.337,197.417,840.412,230.066,1070.551,857.403,540.087,665.675,497.405,309.749,365.997,320.254,329.681,213.681,219.16,700.395,171.949,232.916,429.003,842.376,4642.848,1773.624,610.2,724.967,246.679,471.268,743.048,1076.622,669.546,554.036,269.529,837.983,208.629,285.538,1623.254,165.015,222.932,676.306,204.31,173.895,683.056,568.046,322.407,326.02,549.225,289.256,417.738,151.824,373.144,322.744,640.763,379.598,251.552,289.596,203.98,181.257,595.231,207.08,944.388,83.404,368.242,527.862,534.875,647.677,289.661,119.433,1204.752,299.619,253.034,114.07,231.862,357.241,335.721,142.876,429.795,648.679,405.702,898.898,461.665,392.197,489.275,169.059,144.871,88.086,382.064,397.368,211.019,,177.938,307.79,221.793,102.185,844.403,315.096,147.662,95.458,236.062,150.951,226.003,397.707,135.857,853.818,101.971,178.655,703.24,973.491,412.874,79.734,324.703,272.299,433.408,110.044,108.361,120.304,102.964,123.452,204.784,185.124,395.248,697.621,228.675,165.656,83.412,601.024,63.288,232.117,129.181,134.845,286.673,997.847,122.289,867.221,422.649,465.751,,323.542,288.564,159.739,174.51,189.669,417.208,171.272,257.365,130.107,129.222,154.552,105.89,190.484,150.153,265.784,577.886,220.51,169.042,202.795,200.308,110.389,148.269,102.46,152.152,313.66,134.315,400.575,129.598,97.431,489.713,118.744,335.746,220.815,168.486,177.933,126.874,223.565,142.207,420.375,369.479,140.438,110.143,163.293,356.281,,263.653,202.014,238.958,124.02,149.674,82.66,173.645,167.681,123.297,123.779,123.904,99.472,250.43,169.173,238.039,143.967,61.062,168.409,,98.325,137.678,166.204,264.423,276.387,433.38,151.485,761.571,447.434,136.143
2020-01-01,7665.875,2299.994,6103.261,3187.378,1996.681,7140.749,4869.678,6132.94,2668.915,2680.313,2969.922,2819.023,2274.734,6366.679,9600.822,4027.487,20048.886,2195.043,930.676,13177.752,1417.587,2141.756,2369.166,2113.979,1612.764,4930.567,4740.552,1338.391,268.937,1270.206,4384.636,2518.007,3693.86,1017.272,2568.358,2258.932,1116.544,549.888,803.413,6241.54,2086.509,882.268,1429.854,277.681,1286.046,2399.865,646.061,765.504,147.478,130.298,469.686,286.949,563.94,494.692,385.635,1260.259,491.78,770.188,1164.723,646.012,2842.463,405.257,1316.556,969.077,1574.391,1045.175,814.162,377.293,899.748,329.194,278.131,3296.045,1995.547,917.502,517.378,511.54,775.104,757.089,199.454,830.082,233.591,1087.983,870.22,552.55,681.838,491.902,321.824,377.459,329.365,340.684,215.699,221.595,711.109,176.866,234.195,422.214,869.75,4606.086,1801.09,612.147,730.111,250.206,476.34,748.94,1088.852,671.794,566.75,270.539,837.8,210.834,288.008,1673.082,174.742,216.962,677.068,203.735,174.506,697.045,587.712,328.551,330.922,540.979,291.518,422.883,158.376,385.35,322.267,648.516,383.754,256.702,291.599,207.458,170.378,590.873,208.393,955.261,83.945,371.817,520.41,540.211,675.377,295.988,121.63,1210.079,304.556,272.926,116.239,232.89,359.899,340.758,139.463,429.68,659.683,405.757,905.828,477.082,397.209,490.086,160.885,149.891,87.272,383.279,398.381,222.088,,182.009,307.716,226.557,103.715,861.508,314.168,148.329,95.147,237.216,155.041,222.303,401.183,133.341,863.234,99.784,180.549,701.625,1012.305,420.42,80.282,331.427,275.802,434.289,112.276,111.18,122.259,103.733,125.654,199.654,192.383,392.483,681.929,227.43,172.79,83.481,608.713,64.466,223.84,129.884,133.635,286.334,1009.503,123.086,872.806,421.445,473.891,,324.222,294.455,160.439,175.582,188.013,416.637,170.954,258.046,133.199,134.175,156.005,101.345,189.86,154.565,267.68,592.736,225.702,172.325,204.937,206.639,111.019,151.324,103.447,151.792,315.205,135.879,401.375,128.978,94.845,478.22,113.501,338.262,223.614,168.371,181.627,126.66,233.219,147.908,428.631,365.583,136.309,116.273,166.476,359.357,,274.172,199.824,246.478,122.096,151.157,83.588,175.848,166.269,121.631,125.345,117.266,100.249,244.328,171.954,243.423,145.18,62.619,168.325,,98.575,137.485,165.485,269.018,267.345,438.39,148.421,780.558,452.698,136.1
2021-01-01,7773.289,2358.13,6143.138,3229.077,2011.204,7215.837,4942.837,6109.373,2707.369,2699.199,2977.833,2812.477,2295.194,6364.907,9519.538,4016.274,19774.386,2202.933,941.269,12972.847,1451.468,2146.951,2365.176,2128.664,1641.026,4903.708,4616.61,1335.407,272.641,1262.909,4366.696,2518.31,3690.987,1025.597,2604.931,2259.955,1117.042,562.965,814.782,6253.32,2073.183,893.262,1443.587,282.325,1284.286,2407.524,657.0,790.676,146.744,134.867,472.856,293.002,567.454,503.974,388.385,1263.174,498.426,796.989,1166.241,642.32,2843.354,409.365,1326.596,972.708,1563.075,1048.895,813.183,387.241,905.369,326.427,280.813,3274.954,1953.27,918.97,516.627,517.263,779.125,762.167,205.358,837.388,233.161,1086.382,872.673,558.405,680.923,510.825,329.094,385.084,335.406,344.281,218.235,223.097,720.48,177.829,237.114,422.931,871.375,4646.06,1805.562,616.261,755.179,254.958,481.699,751.937,1091.572,686.892,567.946,269.3,862.024,212.875,293.635,1676.88,177.655,222.463,682.479,207.393,179.498,706.394,593.051,328.784,327.075,527.954,290.822,424.496,162.948,384.826,325.334,648.652,381.706,256.647,290.024,207.252,172.273,587.131,207.606,963.05,82.83,364.998,526.153,537.837,697.998,298.078,121.35,1220.287,308.711,276.612,115.677,232.771,362.713,341.004,142.124,428.251,657.615,404.662,912.351,486.86,395.216,504.532,161.567,149.486,86.29,384.063,399.761,210.194,,191.476,308.794,227.401,103.734,869.765,314.436,148.959,96.308,242.193,155.404,223.489,400.33,133.08,869.138,106.044,180.594,696.225,1004.673,423.604,79.66,339.811,276.591,437.159,112.486,112.648,123.613,103.251,126.027,199.147,195.401,389.077,696.88,226.718,180.146,83.426,617.742,64.977,225.241,130.933,135.508,288.388,1012.992,122.163,880.633,423.124,476.946,,323.842,298.671,163.814,177.51,194.934,418.715,171.19,255.207,132.281,133.821,157.434,103.295,189.59,158.113,268.3,599.721,227.122,173.018,204.66,204.915,111.648,152.481,103.139,150.96,314.712,135.747,398.832,129.948,94.557,479.909,113.877,336.758,224.327,168.099,183.704,127.905,239.361,152.105,429.612,366.483,135.806,117.68,166.199,356.663,,275.13,200.64,246.79,121.841,151.554,83.642,176.612,165.769,120.814,126.442,116.866,100.386,245.456,173.876,243.896,142.78,62.158,169.332,,98.499,136.206,160.764,269.853,267.633,437.249,149.005,788.14,450.35,139.561
2022-01-01,7943.685,2421.115,6222.106,3290.73,2046.828,7340.118,5015.678,6139.34,2756.069,2764.182,2985.871,2801.319,2322.985,6373.756,9441.957,4034.248,19617.869,2209.494,958.958,12872.322,1484.338,2161.511,2349.172,2141.779,1675.668,4900.55,4579.599,1332.305,277.824,1246.176,4345.761,2509.489,3693.729,1034.123,2655.342,2265.051,1116.857,576.403,830.529,6241.164,2063.132,907.968,1459.38,289.592,1284.553,2416.702,664.31,822.453,146.408,144.97,476.072,300.658,574.507,514.465,390.992,1266.191,500.915,811.336,1161.192,640.384,2835.672,418.373,1339.182,976.671,1559.792,1057.597,812.595,397.994,904.617,324.11,283.885,3276.208,1938.524,919.543,517.916,523.146,784.101,765.424,206.549,847.686,233.916,1081.152,873.06,561.576,687.077,536.165,336.605,396.415,345.831,348.282,220.405,223.825,729.053,179.308,241.922,421.628,872.195,4667.558,1806.84,624.083,787.404,258.663,487.061,757.615,1094.198,705.897,567.998,267.689,891.411,214.63,299.786,1673.802,180.773,228.41,688.471,212.692,185.134,713.839,597.919,330.292,327.468,540.87,291.323,426.594,165.608,385.46,328.283,650.039,379.374,257.001,288.668,210.256,173.542,583.197,206.655,962.946,81.426,366.376,529.318,535.499,715.001,298.758,121.348,1221.725,311.469,277.494,115.788,231.783,366.778,342.448,145.159,426.533,653.633,401.983,916.108,496.228,393.575,520.71,161.227,149.24,84.629,382.353,400.47,207.32,,197.68,311.272,228.073,104.072,871.229,314.038,149.849,97.585,246.191,155.664,223.265,399.316,132.693,869.527,104.777,181.579,697.627,995.638,426.076,79.601,350.176,277.673,436.317,111.675,113.023,124.118,102.821,126.776,199.119,198.193,385.154,694.523,230.677,183.578,83.674,630.693,65.512,226.452,131.179,137.048,291.219,1015.19,121.839,888.367,425.208,477.544,,323.637,302.51,167.352,178.991,202.661,420.782,171.141,251.914,131.441,133.072,158.636,105.618,188.33,162.529,268.681,603.493,227.521,173.359,207.298,202.869,111.956,153.911,103.088,149.189,314.34,134.831,396.466,130.467,94.122,481.125,114.442,335.342,221.644,167.889,182.319,128.523,246.435,155.362,430.449,368.347,134.925,116.637,166.334,354.304,,275.638,201.868,244.889,122.488,152.517,83.574,176.565,165.812,119.69,126.282,117.286,100.089,247.072,176.353,244.845,144.06,61.89,169.544,,99.443,134.3,160.869,271.171,267.78,432.858,149.299,793.229,448.747,143.131
