,California,Florida,New York,Texas,Alabama,Illinois,Arizona,Georgia,South Carolina,Washington,Colorado,Michigan,Louisiana,Idaho,Wyoming,Ohio,New Jersey,Wisconsin,North Carolina,Tennessee,South Dakota,Alaska,Oregon,Indiana,Maryland,Arkansas,the District of Columbia,Massachusetts,Missouri,Nevada,Virginia,Utah,Maine,Pennsylvania,West Virginia,New Hampshire,Iowa,Connecticut,Rhode Island,Mississippi,Vermont,Oklahoma,New Mexico,Montana,Minnesota,Hawaii,Kentucky,North Dakota,Delaware,Kansas,Nebraska
1900-01-01,1490.0,530.0,7283.0,3055.0,1830.0,4828.0,124.0,2220.0,1342.0,523.0,543.0,2423.0,1384.0,163.0,93.0,4161.0,1884.0,2072.0,1897.0,2023.0,403.0,,415.0,2518.0,1189.0,1314.0,278.0,2788.0,3108.0,43.0,1858.0,277.0,695.0,6313.0,959.0,412.0,2231.0,910.0,430.0,1553.0,344.0,800.0,196.0,245.0,1754.0,,2148.0,321.0,185.0,1473.0,1067.0
1901-01-01,1550.0,544.0,7449.0,3132.0,1907.0,4914.0,131.0,2263.0,1361.0,583.0,581.0,2450.0,1412.0,176.0,100.0,4216.0,1889.0,2109.0,1926.0,2041.0,418.0,,434.0,2541.0,1200.0,1341.0,285.0,2794.0,3128.0,45.0,1887.0,284.0,699.0,6439.0,972.0,412.0,2227.0,931.0,441.0,1578.0,347.0,916.0,206.0,261.0,1805.0,,2162.0,346.0,187.0,1490.0,1078.0
1902-01-01,1623.0,565.0,7612.0,3210.0,1935.0,4992.0,138.0,2305.0,1379.0,651.0,621.0,2477.0,1440.0,199.0,105.0,4322.0,1917.0,2141.0,1956.0,2060.0,431.0,,454.0,2567.0,1210.0,1360.0,290.0,2856.0,3147.0,49.0,1894.0,292.0,703.0,6567.0,1000.0,409.0,2222.0,952.0,450.0,1603.0,349.0,1027.0,218.0,270.0,1862.0,,2177.0,371.0,188.0,1505.0,1089.0
1903-01-01,1702.0,587.0,7771.0,3291.0,1957.0,5071.0,144.0,2346.0,1397.0,719.0,652.0,2505.0,1467.0,216.0,108.0,4386.0,1969.0,2171.0,1986.0,2082.0,437.0,,479.0,2594.0,1209.0,1384.0,295.0,2924.0,3166.0,52.0,1890.0,299.0,709.0,6699.0,1037.0,394.0,2217.0,972.0,460.0,1628.0,350.0,1118.0,229.0,282.0,1901.0,,2191.0,396.0,190.0,1498.0,1104.0
1904-01-01,1792.0,599.0,7927.0,3374.0,1978.0,5161.0,151.0,2387.0,1415.0,782.0,659.0,2534.0,1495.0,229.0,111.0,4458.0,2050.0,2202.0,2017.0,2086.0,452.0,,504.0,2614.0,1217.0,1419.0,302.0,2969.0,3185.0,56.0,1889.0,308.0,719.0,6833.0,1064.0,407.0,2212.0,987.0,471.0,1653.0,353.0,1200.0,242.0,293.0,1945.0,,2205.0,421.0,192.0,1527.0,1119.0
1905-01-01,1893.0,615.0,8084.0,3459.0,2012.0,5241.0,158.0,2427.0,1433.0,842.0,680.0,2579.0,1523.0,246.0,114.0,4530.0,2151.0,2231.0,2051.0,2111.0,461.0,,530.0,2635.0,1237.0,1447.0,308.0,3018.0,3204.0,59.0,1917.0,316.0,723.0,6970.0,1094.0,423.0,2211.0,1010.0,481.0,1678.0,354.0,1277.0,255.0,305.0,1981.0,,2220.0,446.0,194.0,1555.0,1129.0
1906-01-01,1976.0,628.0,8289.0,3546.0,2045.0,5309.0,167.0,2466.0,1451.0,904.0,707.0,2626.0,1551.0,262.0,118.0,4587.0,2239.0,2250.0,2077.0,2136.0,477.0,,555.0,2663.0,1251.0,1465.0,313.0,3107.0,3223.0,64.0,1942.0,327.0,729.0,7110.0,1122.0,415.0,2214.0,1033.0,492.0,1703.0,355.0,1349.0,269.0,322.0,1987.0,,2234.0,474.0,196.0,1576.0,1138.0
1907-01-01,2054.0,645.0,8499.0,3636.0,2058.0,5384.0,176.0,2505.0,1468.0,967.0,733.0,2693.0,1579.0,277.0,125.0,4630.0,2314.0,2268.0,2105.0,2136.0,498.0,,580.0,2679.0,1257.0,1484.0,317.0,3183.0,3242.0,68.0,1952.0,339.0,731.0,7253.0,1149.0,423.0,2217.0,1057.0,505.0,1728.0,355.0,1414.0,283.0,332.0,1995.0,,2249.0,501.0,197.0,1612.0,1149.0
1908-01-01,2161.0,684.0,8714.0,3727.0,2070.0,5474.0,186.0,2543.0,1485.0,1028.0,757.0,2722.0,1607.0,291.0,133.0,4677.0,2403.0,2292.0,2142.0,2164.0,527.0,,610.0,2677.0,1269.0,1513.0,321.0,3251.0,3260.0,73.0,1994.0,351.0,735.0,7398.0,1174.0,428.0,2220.0,1077.0,519.0,1753.0,354.0,1498.0,298.0,346.0,2020.0,,2263.0,528.0,199.0,1629.0,1161.0
1909-01-01,2282.0,724.0,8935.0,3821.0,2108.0,5567.0,196.0,2580.0,1502.0,1091.0,775.0,2771.0,1634.0,311.0,141.0,4701.0,2487.0,2317.0,2174.0,2177.0,553.0,,643.0,2678.0,1289.0,1545.0,327.0,3316.0,3279.0,78.0,2038.0,363.0,740.0,7546.0,1203.0,431.0,2223.0,1097.0,532.0,1777.0,356.0,1585.0,314.0,363.0,2051.0,,2278.0,555.0,201.0,1658.0,1177.0
1910-01-01,2406.0,756.0,9137.0,3922.0,2150.0,5668.0,206.0,2618.0,1523.0,1148.0,804.0,2832.0,1667.0,329.0,147.0,4786.0,2550.0,2345.0,2221.0,2191.0,590.0,,677.0,2713.0,1302.0,1583.0,334.0,3365.0,3301.0,82.0,2071.0,377.0,745.0,7706.0,1231.0,431.0,2228.0,1122.0,545.0,1802.0,357.0,1671.0,329.0,380.0,2086.0,,2299.0,580.0,203.0,1692.0,1198.0
1911-01-01,2534.0,773.0,9249.0,4016.0,2185.0,5757.0,212.0,2644.0,1548.0,1167.0,821.0,2916.0,1695.0,343.0,150.0,4821.0,2610.0,2369.0,2276.0,2197.0,602.0,,692.0,2751.0,1324.0,1610.0,344.0,3383.0,3317.0,81.0,2092.0,387.0,751.0,7850.0,1266.0,432.0,2249.0,1149.0,556.0,1810.0,358.0,1714.0,334.0,397.0,2119.0,,2324.0,584.0,207.0,1684.0,1216.0
1912-01-01,2668.0,801.0,9361.0,4107.0,2217.0,5828.0,217.0,2676.0,1572.0,1184.0,832.0,2997.0,1709.0,359.0,153.0,4893.0,2670.0,2407.0,2313.0,2218.0,592.0,,706.0,2785.0,1345.0,1636.0,340.0,3440.0,3344.0,81.0,2122.0,399.0,753.0,7986.0,1291.0,434.0,2279.0,1176.0,567.0,1817.0,359.0,1737.0,338.0,414.0,2147.0,,2347.0,603.0,209.0,1671.0,1232.0
1913-01-01,2811.0,828.0,9473.0,4207.0,2279.0,5961.0,236.0,2733.0,1599.0,1209.0,835.0,3101.0,1727.0,371.0,157.0,4997.0,2729.0,2438.0,2362.0,2257.0,584.0,,722.0,2824.0,1368.0,1664.0,358.0,3534.0,3409.0,82.0,2176.0,410.0,763.0,8139.0,1317.0,439.0,2305.0,1208.0,578.0,1827.0,361.0,1777.0,344.0,433.0,2190.0,,2374.0,609.0,213.0,1663.0,1246.0
1914-01-01,2934.0,871.0,9585.0,4300.0,2336.0,6109.0,253.0,2776.0,1622.0,1231.0,846.0,3183.0,1740.0,384.0,163.0,5109.0,2789.0,2490.0,2421.0,2289.0,581.0,,736.0,2857.0,1389.0,1688.0,368.0,3636.0,3467.0,83.0,2241.0,422.0,772.0,8276.0,1362.0,442.0,2338.0,1233.0,589.0,1832.0,362.0,1824.0,348.0,452.0,2234.0,,2395.0,620.0,216.0,1662.0,1264.0
1915-01-01,3008.0,922.0,9700.0,4368.0,2345.0,6194.0,263.0,2810.0,1635.0,1239.0,868.0,3263.0,1755.0,394.0,167.0,5251.0,2850.0,2535.0,2473.0,2294.0,585.0,,745.0,2873.0,1401.0,1702.0,361.0,3705.0,3492.0,82.0,2294.0,430.0,774.0,8362.0,1387.0,443.0,2366.0,1258.0,597.0,1826.0,360.0,1860.0,351.0,469.0,2273.0,,2401.0,641.0,217.0,1687.0,1272.0
1916-01-01,3071.0,924.0,9848.0,4444.0,2359.0,6274.0,282.0,2856.0,1650.0,1255.0,892.0,3353.0,1799.0,405.0,174.0,5366.0,2918.0,2562.0,2513.0,2304.0,595.0,,756.0,2897.0,1415.0,1719.0,360.0,3726.0,3527.0,82.0,2316.0,436.0,775.0,8463.0,1414.0,445.0,2376.0,1294.0,598.0,1823.0,360.0,1907.0,354.0,487.0,2308.0,,2411.0,652.0,219.0,1727.0,1275.0
1917-01-01,3171.0,895.0,9993.0,4563.0,2361.0,6313.0,311.0,2885.0,1675.0,1287.0,910.0,3451.0,1795.0,413.0,186.0,5510.0,2976.0,2587.0,2546.0,2331.0,599.0,,763.0,2910.0,1428.0,1737.0,385.0,3738.0,3470.0,81.0,2313.0,444.0,777.0,8578.0,1439.0,447.0,2382.0,1327.0,606.0,1820.0,372.0,1960.0,361.0,505.0,2329.0,,2421.0,661.0,222.0,1748.0,1285.0
1918-01-01,3262.0,865.0,9936.0,4666.0,2343.0,6275.0,320.0,2941.0,1746.0,1341.0,906.0,3499.0,1746.0,405.0,181.0,5547.0,3043.0,2597.0,2522.0,2288.0,570.0,,763.0,2880.0,1467.0,1749.0,418.0,3695.0,3325.0,77.0,2359.0,437.0,760.0,8524.0,1438.0,440.0,2351.0,1329.0,604.0,1813.0,352.0,1969.0,382.0,501.0,2291.0,,2425.0,636.0,220.0,1729.0,1266.0
1919-01-01,3339.0,898.0,10252.0,4631.0,2337.0,6392.0,329.0,2870.0,1687.0,1333.0,938.0,3591.0,1756.0,424.0,191.0,5683.0,3136.0,2600.0,2535.0,2305.0,606.0,,774.0,2906.0,1445.0,1742.0,445.0,3785.0,3371.0,77.0,2318.0,446.0,762.0,8643.0,1464.0,443.0,2379.0,1359.0,603.0,1790.0,352.0,2003.0,362.0,534.0,2346.0,,2413.0,648.0,221.0,1756.0,1290.0
1920-01-01,3554.0,962.0,10282.0,4723.0,2359.0,6663.0,340.0,2926.0,1685.0,1373.0,937.0,3723.0,1813.0,433.0,197.0,5799.0,3198.0,2679.0,2588.0,2329.0,640.0,,788.0,2947.0,1464.0,1756.0,440.0,3882.0,3404.0,78.0,2347.0,453.0,771.0,8740.0,1470.0,444.0,2400.0,1391.0,613.0,1800.0,353.0,2055.0,363.0,543.0,2403.0,,2421.0,646.0,219.0,1769.0,1300.0
1921-01-01,3795.0,997.0,10416.0,4853.0,2402.0,6858.0,351.0,2965.0,1693.0,1405.0,961.0,3872.0,1847.0,435.0,203.0,5921.0,3297.0,2722.0,2651.0,2369.0,652.0,,798.0,2976.0,1492.0,1769.0,446.0,3951.0,3429.0,80.0,2395.0,457.0,775.0,8900.0,1485.0,449.0,2407.0,1415.0,629.0,1823.0,355.0,2108.0,370.0,546.0,2434.0,,2436.0,646.0,216.0,1779.0,1309.0
1922-01-01,3991.0,1044.0,10589.0,4955.0,2434.0,6958.0,360.0,2965.0,1692.0,1415.0,965.0,3942.0,1871.0,436.0,208.0,6054.0,3380.0,2761.0,2700.0,2424.0,660.0,,814.0,2965.0,1509.0,1772.0,450.0,4010.0,3437.0,81.0,2412.0,467.0,778.0,8982.0,1498.0,451.0,2428.0,1431.0,644.0,1836.0,354.0,2140.0,375.0,543.0,2451.0,,2450.0,647.0,214.0,1799.0,1312.0
1923-01-01,4270.0,1097.0,10752.0,5077.0,2464.0,7068.0,371.0,2954.0,1699.0,1433.0,984.0,4063.0,1903.0,436.0,211.0,6183.0,3472.0,2803.0,2761.0,2463.0,669.0,,833.0,3042.0,1521.0,1784.0,453.0,4057.0,3454.0,82.0,2423.0,474.0,781.0,9148.0,1526.0,453.0,2425.0,1455.0,656.0,1858.0,354.0,2159.0,382.0,538.0,2487.0,,2480.0,648.0,215.0,1808.0,1321.0
1924-01-01,4541.0,1160.0,10953.0,5210.0,2501.0,7215.0,382.0,2920.0,1710.0,1467.0,1014.0,4214.0,1939.0,434.0,215.0,6319.0,3573.0,2833.0,2830.0,2502.0,673.0,,856.0,3086.0,1537.0,1800.0,456.0,4102.0,3508.0,84.0,2426.0,481.0,788.0,9383.0,1577.0,457.0,2420.0,1481.0,669.0,1886.0,355.0,2179.0,390.0,538.0,2521.0,,2531.0,642.0,219.0,1807.0,1333.0
1925-01-01,4730.0,1264.0,11186.0,5332.0,2534.0,7306.0,393.0,2883.0,1718.0,1494.0,1019.0,4331.0,1972.0,436.0,216.0,6434.0,3664.0,2863.0,2895.0,2531.0,682.0,,883.0,3119.0,1556.0,1812.0,461.0,4154.0,3526.0,85.0,2423.0,487.0,792.0,9478.0,1593.0,459.0,2427.0,1506.0,680.0,1910.0,355.0,2216.0,396.0,535.0,2540.0,,2520.0,643.0,222.0,1825.0,1343.0
1926-01-01,4929.0,1368.0,11257.0,5453.0,2567.0,7395.0,403.0,2869.0,1726.0,1516.0,1016.0,4451.0,2005.0,441.0,217.0,6504.0,3758.0,2892.0,2959.0,2553.0,683.0,,905.0,3148.0,1576.0,1826.0,469.0,4194.0,3556.0,87.0,2419.0,494.0,793.0,9594.0,1623.0,463.0,2432.0,1531.0,681.0,1935.0,356.0,2256.0,403.0,531.0,2560.0,,2545.0,651.0,225.0,1836.0,1353.0
1927-01-01,5147.0,1418.0,11174.0,5577.0,2609.0,7519.0,414.0,2891.0,1736.0,1538.0,1028.0,4589.0,2039.0,447.0,219.0,6577.0,3891.0,2916.0,3027.0,2608.0,682.0,,925.0,3191.0,1599.0,1840.0,476.0,4223.0,3576.0,88.0,2433.0,500.0,796.0,9745.0,1671.0,466.0,2441.0,1557.0,677.0,1962.0,357.0,2306.0,410.0,527.0,2588.0,,2551.0,657.0,229.0,1836.0,1365.0
1928-01-01,5344.0,1433.0,11599.0,5675.0,2640.0,7576.0,422.0,2903.0,1739.0,1551.0,1014.0,4665.0,2064.0,449.0,220.0,6608.0,3968.0,2923.0,3082.0,2624.0,685.0,,936.0,3212.0,1610.0,1847.0,479.0,4217.0,3601.0,89.0,2435.0,504.0,797.0,9802.0,1696.0,468.0,2450.0,1577.0,678.0,1981.0,358.0,2344.0,416.0,541.0,2592.0,,2567.0,665.0,233.0,1850.0,1371.0
1929-01-01,5531.0,1445.0,12171.0,5762.0,2644.0,7606.0,430.0,2903.0,1739.0,1555.0,1008.0,4795.0,2086.0,447.0,223.0,6626.0,3989.0,2934.0,3133.0,2604.0,690.0,,947.0,3226.0,1621.0,1852.0,483.0,4229.0,3622.0,90.0,2425.0,508.0,797.0,9723.0,1717.0,467.0,2460.0,1594.0,684.0,1998.0,359.0,2372.0,420.0,524.0,2572.0,,2606.0,674.0,236.0,1867.0,1375.0
1930-01-01,5711.0,1471.0,12647.0,5844.0,2647.0,7644.0,434.0,2910.0,1745.0,1568.0,1040.0,4834.0,2105.0,447.0,226.0,6662.0,4068.0,2950.0,3167.0,2619.0,693.0,,956.0,3242.0,1636.0,1859.0,488.0,4250.0,3646.0,92.0,2427.0,509.0,800.0,9649.0,1733.0,466.0,2475.0,1613.0,686.0,2006.0,360.0,2401.0,427.0,539.0,2576.0,,2623.0,682.0,239.0,1883.0,1380.0
1931-01-01,5824.0,1493.0,12848.0,5907.0,2649.0,7687.0,429.0,2924.0,1753.0,1581.0,1056.0,4798.0,2124.0,454.0,229.0,6694.0,4120.0,2990.0,3184.0,2657.0,694.0,,966.0,3257.0,1657.0,1848.0,504.0,4248.0,3711.0,94.0,2445.0,513.0,807.0,9707.0,1740.0,470.0,2482.0,1628.0,681.0,1994.0,359.0,2403.0,436.0,540.0,2614.0,,2652.0,680.0,242.0,1881.0,1384.0
1932-01-01,5894.0,1521.0,13001.0,5961.0,2653.0,7736.0,426.0,2935.0,1748.0,1584.0,1066.0,4780.0,2155.0,459.0,230.0,6717.0,4120.0,3021.0,3227.0,2711.0,692.0,,972.0,3281.0,1678.0,1836.0,513.0,4259.0,3746.0,96.0,2452.0,517.0,815.0,9764.0,1747.0,474.0,2489.0,1637.0,677.0,2004.0,358.0,2394.0,441.0,540.0,2646.0,,2676.0,676.0,245.0,1883.0,1386.0
1933-01-01,5963.0,1552.0,13126.0,6014.0,2661.0,7768.0,426.0,2950.0,1752.0,1592.0,1071.0,4780.0,2178.0,464.0,230.0,6740.0,4107.0,3040.0,3268.0,2747.0,690.0,,978.0,3304.0,1694.0,1854.0,529.0,4282.0,3773.0,96.0,2460.0,520.0,821.0,9784.0,1752.0,477.0,2495.0,1642.0,675.0,2031.0,357.0,2392.0,449.0,541.0,2673.0,,2698.0,674.0,248.0,1877.0,1385.0
1934-01-01,6060.0,1585.0,13253.0,6053.0,2685.0,7772.0,428.0,2964.0,1760.0,1610.0,1075.0,4798.0,2202.0,473.0,233.0,6751.0,4089.0,3054.0,3304.0,2784.0,682.0,,985.0,3319.0,1710.0,1878.0,568.0,4305.0,3784.0,98.0,2485.0,522.0,829.0,9795.0,1771.0,480.0,2510.0,1650.0,675.0,2050.0,357.0,2391.0,461.0,545.0,2695.0,,2722.0,672.0,250.0,1868.0,1382.0
1935-01-01,6175.0,1613.0,13375.0,6123.0,2719.0,7797.0,434.0,2955.0,1769.0,1629.0,1078.0,4838.0,2228.0,481.0,237.0,6787.0,4085.0,3070.0,3323.0,2798.0,674.0,,1001.0,3332.0,1729.0,1890.0,608.0,4343.0,3798.0,100.0,2520.0,526.0,836.0,9774.0,1794.0,481.0,2524.0,1666.0,678.0,2061.0,357.0,2386.0,475.0,550.0,2717.0,,2748.0,670.0,252.0,1872.0,1375.0
1936-01-01,6341.0,1651.0,13481.0,6192.0,2743.0,7840.0,443.0,2978.0,1781.0,1653.0,1090.0,4889.0,2246.0,495.0,240.0,6801.0,4084.0,3082.0,3346.0,2791.0,666.0,,1025.0,3348.0,1745.0,1892.0,629.0,4355.0,3801.0,101.0,2552.0,527.0,840.0,9767.0,1808.0,481.0,2509.0,1672.0,686.0,2072.0,357.0,2365.0,489.0,554.0,2734.0,,2768.0,664.0,253.0,1869.0,1358.0
1937-01-01,6528.0,1709.0,13511.0,6250.0,2762.0,7857.0,453.0,3037.0,1802.0,1681.0,1104.0,4968.0,2257.0,507.0,243.0,6809.0,4088.0,3088.0,3385.0,2795.0,656.0,,1048.0,3374.0,1754.0,1903.0,616.0,4358.0,3794.0,103.0,2590.0,529.0,842.0,9790.0,1813.0,481.0,2498.0,1678.0,694.0,2086.0,356.0,2334.0,503.0,554.0,2746.0,,2784.0,655.0,254.0,1856.0,1339.0
1938-01-01,6656.0,1771.0,13512.0,6301.0,2787.0,7866.0,466.0,3091.0,1834.0,1698.0,1112.0,5056.0,2285.0,513.0,246.0,6837.0,4100.0,3098.0,3440.0,2821.0,649.0,,1067.0,3386.0,1766.0,1928.0,638.0,4365.0,3781.0,105.0,2638.0,535.0,843.0,9952.0,1828.0,485.0,2494.0,1684.0,694.0,2127.0,356.0,2324.0,513.0,552.0,2753.0,,2800.0,647.0,257.0,1842.0,1326.0
1939-01-01,6785.0,1836.0,13523.0,6360.0,2814.0,7890.0,484.0,3120.0,1872.0,1715.0,1120.0,5156.0,2334.0,521.0,248.0,6886.0,4129.0,3121.0,3514.0,2874.0,645.0,,1081.0,3403.0,1793.0,1948.0,658.0,4347.0,3783.0,107.0,2670.0,543.0,846.0,9901.0,1868.0,490.0,2520.0,1696.0,701.0,2168.0,358.0,2333.0,523.0,555.0,2771.0,,2825.0,644.0,263.0,1824.0,1318.0
1940-01-01,6950.0,1915.0,13456.0,6425.0,2845.0,7905.0,499.0,3119.0,1902.0,1740.0,1130.0,5315.0,2370.0,522.0,250.0,6929.0,4175.0,3143.0,3574.0,2935.0,641.0,,1086.0,3433.0,1839.0,1955.0,690.0,4318.0,3786.0,113.0,2720.0,552.0,849.0,9896.0,1907.0,492.0,2537.0,1708.0,719.0,2176.0,363.0,2325.0,531.0,558.0,2790.0,,2859.0,640.0,269.0,1788.0,1316.0
1941-01-01,7237.0,2017.0,13267.0,6585.0,2902.0,7995.0,490.0,3179.0,1962.0,1789.0,1124.0,5472.0,2484.0,501.0,247.0,6958.0,4254.0,3140.0,3589.0,2973.0,613.0,,1071.0,3483.0,1913.0,1969.0,764.0,4389.0,3811.0,120.0,2855.0,551.0,852.0,9911.0,1885.0,490.0,2491.0,1746.0,731.0,2184.0,348.0,2262.0,506.0,543.0,2718.0,,2824.0,615.0,275.0,1765.0,1272.0
1942-01-01,7735.0,2151.0,13002.0,6711.0,2941.0,8057.0,524.0,3209.0,2007.0,1901.0,1113.0,5549.0,2546.0,478.0,251.0,6969.0,4297.0,3053.0,3569.0,2939.0,589.0,,1107.0,3507.0,1998.0,1977.0,851.0,4370.0,3829.0,137.0,3038.0,575.0,839.0,9704.0,1831.0,481.0,2439.0,1792.0,748.0,2210.0,343.0,2215.0,502.0,518.0,2662.0,,2797.0,583.0,279.0,1760.0,1239.0
1943-01-01,8506.0,2451.0,12807.0,7012.0,2902.0,7761.0,692.0,3245.0,1967.0,2027.0,1153.0,5405.0,2565.0,500.0,247.0,6868.0,4226.0,3014.0,3654.0,2972.0,587.0,,1221.0,3449.0,2089.0,1843.0,900.0,4257.0,3705.0,151.0,3130.0,631.0,806.0,9444.0,1741.0,462.0,2334.0,1792.0,760.0,2280.0,327.0,2205.0,534.0,485.0,2577.0,,2693.0,546.0,282.0,1796.0,1241.0
1944-01-01,8945.0,2420.0,12628.0,6876.0,2802.0,7719.0,610.0,3176.0,1943.0,2092.0,1137.0,5467.0,2508.0,529.0,242.0,6918.0,4158.0,2980.0,3560.0,2868.0,565.0,,1233.0,3440.0,2118.0,1768.0,881.0,4192.0,3560.0,153.0,3248.0,605.0,801.0,9214.0,1706.0,456.0,2301.0,1778.0,795.0,2167.0,314.0,2043.0,527.0,469.0,2526.0,,2631.0,534.0,285.0,1779.0,1216.0
1945-01-01,9344.0,2465.0,12495.0,6826.0,2775.0,7601.0,594.0,3119.0,1934.0,2206.0,1116.0,5475.0,2429.0,507.0,239.0,6916.0,4108.0,2961.0,3533.0,2878.0,579.0,,1250.0,3427.0,2096.0,1762.0,876.0,4201.0,3516.0,149.0,3193.0,591.0,800.0,9143.0,1708.0,459.0,2308.0,1769.0,776.0,2090.0,315.0,2028.0,537.0,477.0,2537.0,,2597.0,546.0,286.0,1731.0,1211.0
1946-01-01,9559.0,2440.0,13398.0,7197.0,2911.0,8155.0,616.0,3242.0,1936.0,2288.0,1203.0,5874.0,2556.0,509.0,254.0,7512.0,4492.0,3167.0,3706.0,3074.0,588.0,,1338.0,3702.0,2214.0,1797.0,899.0,4494.0,3746.0,143.0,3212.0,638.0,832.0,9866.0,1826.0,494.0,2467.0,1906.0,770.0,2064.0,342.0,2128.0,561.0,514.0,2734.0,,2761.0,570.0,299.0,1805.0,1256.0
1947-01-01,9832.0,2528.0,13982.0,7388.0,2942.0,8341.0,653.0,3272.0,1992.0,2211.0,1237.0,6076.0,2579.0,522.0,258.0,7705.0,4618.0,3250.0,3769.0,3166.0,601.0,,1361.0,3779.0,2248.0,1836.0,888.0,4580.0,3845.0,149.0,3201.0,636.0,854.0,10196.0,1883.0,507.0,2509.0,1967.0,776.0,2107.0,354.0,2133.0,582.0,531.0,2796.0,,2803.0,578.0,305.0,1853.0,1265.0
1948-01-01,10064.0,2578.0,14497.0,7626.0,2969.0,8552.0,690.0,3259.0,1996.0,2255.0,1263.0,6213.0,2596.0,551.0,269.0,7876.0,4774.0,3314.0,3837.0,3216.0,612.0,,1405.0,3877.0,2271.0,1825.0,840.0,4674.0,3844.0,156.0,3207.0,653.0,878.0,10287.0,1899.0,520.0,2543.0,2014.0,787.0,2076.0,359.0,2089.0,604.0,542.0,2868.0,,2817.0,580.0,312.0,1892.0,1265.0
1949-01-01,10337.0,2668.0,14892.0,7623.0,3000.0,8670.0,714.0,3325.0,2029.0,2294.0,1295.0,6332.0,2634.0,570.0,277.0,7973.0,4889.0,3391.0,3911.0,3236.0,631.0,,1431.0,3958.0,2329.0,1844.0,807.0,4741.0,3882.0,157.0,3292.0,671.0,903.0,10390.0,1930.0,533.0,2578.0,2032.0,801.0,2085.0,369.0,2105.0,644.0,569.0,2935.0,,2849.0,597.0,316.0,1925.0,1302.0
1950-01-01,10677.0,2810.0,14865.0,7776.0,3058.0,8738.0,756.0,3458.0,2113.0,2387.0,1325.0,6407.0,2697.0,590.0,290.0,7980.0,4872.0,3438.0,4068.0,3315.0,655.0,135.0,1532.0,3967.0,2355.0,1908.0,806.0,4686.0,3964.0,162.0,3315.0,696.0,917.0,10507.0,2006.0,532.0,2625.0,2016.0,786.0,2176.0,379.0,2229.0,689.0,593.0,2997.0,498.0,2936.0,619.0,321.0,1916.0,1327.0
1951-01-01,11134.0,2980.0,14890.0,8111.0,3059.0,8790.0,785.0,3531.0,2167.0,2424.0,1326.0,6497.0,2769.0,589.0,291.0,8061.0,5006.0,3439.0,4120.0,3372.0,655.0,158.0,1556.0,4096.0,2441.0,1901.0,808.0,4654.0,4015.0,168.0,3434.0,706.0,916.0,10461.0,1984.0,529.0,2617.0,2028.0,784.0,2163.0,378.0,2210.0,717.0,596.0,3010.0,514.0,2941.0,604.0,331.0,1950.0,1316.0
1952-01-01,11635.0,3157.0,15192.0,8314.0,3068.0,8956.0,842.0,3584.0,2178.0,2448.0,1365.0,6650.0,2842.0,587.0,293.0,8275.0,5125.0,3469.0,4109.0,3352.0,651.0,189.0,1582.0,4148.0,2500.0,1838.0,805.0,4650.0,3972.0,181.0,3504.0,724.0,915.0,10503.0,1957.0,535.0,2626.0,2081.0,802.0,2152.0,375.0,2219.0,735.0,602.0,3030.0,517.0,2920.0,608.0,341.0,1977.0,1311.0
1953-01-01,12251.0,3310.0,15527.0,8336.0,3053.0,9065.0,894.0,3558.0,2181.0,2466.0,1431.0,6822.0,2866.0,596.0,290.0,8591.0,5229.0,3506.0,4120.0,3319.0,648.0,205.0,1601.0,4182.0,2567.0,1780.0,810.0,4806.0,4020.0,195.0,3557.0,739.0,913.0,10662.0,1929.0,547.0,2629.0,2168.0,815.0,2105.0,379.0,2182.0,756.0,616.0,3050.0,510.0,2903.0,609.0,351.0,1994.0,1318.0
1954-01-01,12746.0,3505.0,15814.0,8382.0,3014.0,9252.0,933.0,3602.0,2176.0,2516.0,1493.0,7066.0,2883.0,600.0,293.0,8873.0,5360.0,3608.0,4131.0,3359.0,655.0,215.0,1626.0,4264.0,2685.0,1734.0,791.0,4910.0,4066.0,213.0,3555.0,750.0,927.0,10817.0,1905.0,554.0,2626.0,2249.0,816.0,2064.0,377.0,2209.0,763.0,624.0,3113.0,505.0,2902.0,611.0,368.0,2042.0,1340.0
1955-01-01,13133.0,3747.0,15966.0,8660.0,3050.0,9435.0,987.0,3636.0,2200.0,2604.0,1546.0,7285.0,2946.0,618.0,307.0,9017.0,5502.0,3679.0,4242.0,3415.0,663.0,222.0,1659.0,4363.0,2742.0,1725.0,785.0,4882.0,4134.0,237.0,3588.0,783.0,934.0,10939.0,1880.0,557.0,2679.0,2300.0,823.0,2060.0,375.0,2250.0,785.0,636.0,3172.0,539.0,2910.0,615.0,389.0,2093.0,1374.0
1956-01-01,13713.0,4047.0,16112.0,8830.0,3071.0,9530.0,1053.0,3701.0,2229.0,2668.0,1625.0,7467.0,3032.0,628.0,312.0,9207.0,5615.0,3742.0,4309.0,3415.0,670.0,224.0,1698.0,4458.0,2811.0,1704.0,759.0,4891.0,4163.0,250.0,3722.0,809.0,938.0,10972.0,1857.0,566.0,2703.0,2316.0,840.0,2086.0,377.0,2273.0,806.0,656.0,3240.0,559.0,2898.0,613.0,408.0,2119.0,1397.0
1957-01-01,14264.0,4372.0,16374.0,9070.0,3109.0,9668.0,1125.0,3766.0,2274.0,2724.0,1664.0,7569.0,3115.0,642.0,314.0,9410.0,5737.0,3791.0,4368.0,3434.0,666.0,231.0,1712.0,4529.0,2873.0,1733.0,763.0,4929.0,4189.0,260.0,3844.0,826.0,943.0,10954.0,1843.0,572.0,2716.0,2359.0,851.0,2088.0,376.0,2282.0,847.0,667.0,3274.0,584.0,2928.0,612.0,426.0,2128.0,1394.0
1958-01-01,14880.0,4630.0,16601.0,9252.0,3163.0,9886.0,1193.0,3804.0,2304.0,2773.0,1667.0,7667.0,3155.0,646.0,315.0,9599.0,5890.0,3843.0,4376.0,3471.0,656.0,224.0,1718.0,4583.0,2982.0,1726.0,757.0,5010.0,4186.0,269.0,3914.0,845.0,944.0,11058.0,1845.0,581.0,2708.0,2446.0,858.0,2086.0,380.0,2267.0,886.0,666.0,3313.0,605.0,2961.0,606.0,433.0,2142.0,1383.0
1959-01-01,15467.0,4808.0,16685.0,9405.0,3204.0,9986.0,1261.0,3868.0,2348.0,2821.0,1710.0,7767.0,3208.0,657.0,320.0,9671.0,6015.0,3891.0,4458.0,3522.0,667.0,224.0,1746.0,4613.0,3066.0,1756.0,761.0,5117.0,4258.0,279.0,3951.0,870.0,957.0,11234.0,1855.0,596.0,2729.0,2523.0,857.0,2138.0,387.0,2289.0,919.0,669.0,3366.0,622.0,2999.0,618.0,441.0,2160.0,1397.0
1960-01-01,15870.0,5004.0,16838.0,9624.0,3274.0,10086.0,1321.0,3956.0,2392.0,2855.0,1769.0,7834.0,3260.0,671.0,331.0,9734.0,6103.0,3962.0,4573.0,3575.0,683.0,229.0,1772.0,4674.0,3113.0,1789.0,765.0,5160.0,4326.0,291.0,3986.0,900.0,975.0,11329.0,1853.0,609.0,2756.0,2544.0,855.0,2182.0,389.0,2336.0,954.0,679.0,3425.0,642.0,3041.0,634.0,449.0,2183.0,1417.0
1961-01-01,16497.0,5243.0,17061.0,9820.0,3316.0,10130.0,1407.0,4015.0,2409.0,2882.0,1844.0,7893.0,3287.0,684.0,337.0,9854.0,6265.0,4009.0,4663.0,3622.0,693.0,238.0,1787.0,4730.0,3176.0,1806.0,778.0,5219.0,4349.0,315.0,4095.0,936.0,995.0,11392.0,1828.0,618.0,2756.0,2586.0,858.0,2206.0,390.0,2380.0,965.0,696.0,3470.0,659.0,3054.0,641.0,461.0,2215.0,1446.0
1962-01-01,17072.0,5458.0,17301.0,10053.0,3323.0,10280.0,1471.0,4086.0,2423.0,2942.0,1899.0,7933.0,3345.0,692.0,333.0,9929.0,6376.0,4049.0,4707.0,3673.0,705.0,246.0,1818.0,4736.0,3263.0,1853.0,788.0,5263.0,4357.0,352.0,4180.0,958.0,994.0,11355.0,1809.0,632.0,2750.0,2647.0,871.0,2243.0,393.0,2427.0,979.0,698.0,3513.0,684.0,3079.0,637.0,469.0,2231.0,1464.0
1963-01-01,17668.0,5628.0,17461.0,10159.0,3358.0,10402.0,1521.0,4172.0,2460.0,2955.0,1936.0,8058.0,3377.0,683.0,336.0,9986.0,6531.0,4112.0,4742.0,3718.0,708.0,256.0,1853.0,4799.0,3386.0,1875.0,798.0,5344.0,4392.0,397.0,4276.0,974.0,993.0,11424.0,1796.0,649.0,2747.0,2727.0,876.0,2244.0,397.0,2439.0,989.0,703.0,3531.0,682.0,3096.0,644.0,483.0,2217.0,1476.0
1964-01-01,18151.0,5781.0,17589.0,10270.0,3395.0,10580.0,1556.0,4258.0,2475.0,2961.0,1970.0,8187.0,3446.0,680.0,339.0,10080.0,6660.0,4165.0,4802.0,3771.0,701.0,263.0,1888.0,4856.0,3492.0,1897.0,798.0,5448.0,4442.0,426.0,4357.0,978.0,993.0,11519.0,1797.0,663.0,2746.0,2798.0,885.0,2241.0,399.0,2446.0,1006.0,706.0,3558.0,700.0,3129.0,649.0,497.0,2209.0,1482.0
1965-01-01,18585.0,5954.0,17734.0,10378.0,3443.0,10693.0,1584.0,4332.0,2494.0,2967.0,1985.0,8357.0,3496.0,686.0,332.0,10201.0,6767.0,4232.0,4863.0,3798.0,692.0,271.0,1937.0,4922.0,3600.0,1894.0,797.0,5502.0,4467.0,444.0,4411.0,994.0,997.0,11620.0,1786.0,676.0,2742.0,2857.0,893.0,2246.0,404.0,2440.0,1012.0,706.0,3592.0,704.0,3140.0,649.0,507.0,2206.0,1471.0
1966-01-01,18858.0,6104.0,17843.0,10492.0,3464.0,10836.0,1614.0,4379.0,2520.0,3057.0,2007.0,8512.0,3550.0,689.0,323.0,10330.0,6851.0,4274.0,4896.0,3822.0,683.0,271.0,1969.0,4999.0,3695.0,1899.0,791.0,5535.0,4523.0,446.0,4456.0,1009.0,999.0,11664.0,1775.0,681.0,2762.0,2903.0,899.0,2245.0,413.0,2454.0,1007.0,707.0,3617.0,710.0,3147.0,647.0,516.0,2200.0,1456.0
1967-01-01,19176.0,6242.0,17935.0,10599.0,3458.0,10947.0,1646.0,4408.0,2533.0,3174.0,2053.0,8630.0,3581.0,688.0,322.0,10414.0,6928.0,4303.0,4952.0,3859.0,671.0,278.0,1979.0,5053.0,3757.0,1901.0,791.0,5594.0,4539.0,449.0,4508.0,1019.0,1004.0,11681.0,1769.0,697.0,2793.0,2935.0,909.0,2228.0,423.0,2489.0,1000.0,701.0,3659.0,723.0,3172.0,626.0,525.0,2197.0,1457.0
1968-01-01,19394.0,6433.0,18051.0,10819.0,3446.0,10995.0,1682.0,4482.0,2559.0,3270.0,2120.0,8696.0,3603.0,695.0,324.0,10516.0,7005.0,4345.0,5004.0,3878.0,669.0,285.0,2004.0,5093.0,3815.0,1902.0,778.0,5618.0,4568.0,464.0,4558.0,1029.0,994.0,11741.0,1763.0,709.0,2803.0,2964.0,922.0,2219.0,430.0,2503.0,994.0,700.0,3703.0,734.0,3195.0,621.0,534.0,2216.0,1467.0
1969-01-01,19711.0,6641.0,18105.0,11045.0,3440.0,11039.0,1737.0,4551.0,2570.0,3343.0,2166.0,8781.0,3619.0,707.0,329.0,10563.0,7095.0,4378.0,5031.0,3897.0,668.0,296.0,2062.0,5143.0,3868.0,1913.0,762.0,5650.0,4640.0,480.0,4614.0,1047.0,992.0,11741.0,1746.0,724.0,2805.0,3000.0,932.0,2220.0,437.0,2535.0,1011.0,694.0,3758.0,750.0,3198.0,621.0,540.0,2236.0,1474.0
1970-01-01,19971.069,6791.418,18241.391,11198.655,3444.354,11110.285,1775.399,4587.93,2590.713,3413.244,2209.596,8881.826,3644.637,713.015,332.416,10657.423,7171.112,4417.821,5084.411,3926.018,666.257,302.583,2091.533,5195.392,3923.897,1923.322,756.668,5689.17,4677.623,488.738,4651.448,1059.273,993.722,11800.766,1744.237,737.681,2825.368,3032.217,949.723,2216.994,444.732,2559.463,1017.055,694.409,3806.103,769.913,3220.711,617.792,548.104,2249.071,1485.333
1971-01-01,20345.939,7158.304,18357.982,11509.848,3497.076,11202.397,1895.814,4711.55,2662.269,3447.553,2303.524,8974.186,3710.487,738.753,340.285,10734.818,7281.107,4462.155,5203.531,4013.608,671.297,315.51,2151.022,5253.396,4018.324,1972.312,749.781,5737.58,4725.764,520.018,4750.838,1101.192,1015.39,11886.4,1770.657,761.851,2851.705,3060.938,963.107,2265.432,454.318,2618.601,1053.737,710.814,3853.486,801.644,3298.053,626.76,564.708,2246.6,1504.604
1972-01-01,20585.469,7511.463,18339.4,11759.148,3539.4,11251.948,2008.291,4809.49,2719.197,3447.885,2404.619,9028.944,3761.646,763.237,347.345,10746.993,7335.042,4502.412,5301.15,4094.611,677.234,324.464,2197.297,5302.435,4073.499,2018.638,742.241,5760.302,4758.78,546.789,4824.472,1135.449,1034.292,11908.233,1797.648,781.107,2860.287,3068.699,974.79,2307.117,463.143,2658.646,1078.697,718.732,3869.747,828.331,3335.728,631.119,572.913,2256.375,1519.013
1973-01-01,20868.728,7913.696,18177.063,12019.543,3579.78,11251.367,2124.438,4910.374,2776.605,3478.782,2495.868,9077.956,3788.375,782.074,354.061,10767.314,7333.083,4524.244,5389.852,4147.401,678.715,330.543,2241.932,5338.277,4097.974,2059.256,731.488,5781.172,4782.645,568.991,4901.292,1170.04,1045.655,11890.527,1806.36,800.951,2863.715,3067.814,975.738,2349.546,468.43,2695.931,1105.529,726.798,3889.332,851.595,3371.024,632.675,577.759,2265.603,1529.567
1974-01-01,21173.865,8298.762,18049.775,12268.629,3626.499,11262.145,2223.196,4999.419,2844.749,3549.946,2541.406,9117.507,3820.109,807.99,365.501,10765.759,7332.411,4545.782,5470.911,4213.509,679.585,341.063,2285.013,5361.89,4118.815,2101.403,717.947,5773.548,4795.93,596.822,4971.069,1200.471,1059.04,11870.884,1815.447,815.914,2867.53,3074.047,950.615,2378.268,473.002,2734.768,1131.309,736.419,3903.925,867.978,3416.315,634.559,581.418,2269.499,1539.191
1975-01-01,21537.849,8518.422,18003.485,12568.843,3678.814,11291.743,2284.847,5064.075,2902.028,3621.339,2586.192,9117.668,3886.104,831.982,381.695,10770.425,7337.765,4578.986,5547.188,4275.566,681.042,376.17,2329.661,5365.766,4139.096,2159.526,706.871,5757.756,4808.308,619.972,5047.395,1236.03,1071.995,11906.095,1842.25,828.555,2880.847,3082.5,942.788,2399.449,479.713,2774.683,1159.944,748.208,3932.515,886.16,3467.769,638.886,586.589,2280.578,1543.117
1976-01-01,21935.909,8667.379,17940.541,12904.089,3735.139,11342.853,2346.157,5132.812,2943.657,3693.61,2632.306,9129.205,3950.605,856.983,396.952,10752.662,7339.745,4595.904,5607.964,4346.928,686.39,400.969,2378.262,5389.088,4150.539,2170.161,692.295,5743.672,4839.029,646.975,5121.863,1274.928,1088.412,11897.378,1879.503,845.248,2903.082,3083.335,946.089,2429.756,484.928,2826.815,1189.295,757.317,3964.68,904.191,3529.257,645.797,590.166,2301.001,1550.911
1977-01-01,22352.396,8856.183,17812.602,13193.05,3780.403,11386.316,2425.197,5219.697,2991.681,3776.05,2696.14,9171.11,4014.459,883.469,413.354,10771.394,7337.169,4626.514,5685.607,4422.921,688.48,403.436,2446.673,5425.638,4169.595,2209.01,677.228,5738.199,4863.173,678.333,5193.112,1319.512,1103.578,11893.591,1908.088,869.763,2913.573,3085.722,950.23,2459.201,491.931,2870.014,1215.72,769.953,3989.364,918.259,3573.693,649.769,591.829,2320.647,1556.842
1978-01-01,22835.958,9102.032,17680.589,13500.429,3831.836,11412.561,2515.316,5295.751,3044.364,3889.073,2766.748,9217.761,4068.579,910.69,432.88,10795.581,7350.804,4646.108,5759.492,4486.314,688.58,404.766,2518.298,5470.214,4183.603,2243.127,665.052,5736.469,4889.399,719.436,5270.24,1367.51,1113.566,11879.396,1923.395,891.52,2918.069,3091.627,951.816,2487.816,498.109,2917.336,1238.034,782.317,4015.341,931.584,3609.976,651.301,594.776,2335.657,1563.884
1979-01-01,23256.88,9426.159,17583.838,13888.371,3866.248,11396.837,2635.571,5401.384,3090.267,4017.632,2849.234,9266.268,4137.665,932.627,454.378,10798.298,7366.512,4682.811,5823.491,4560.473,688.335,402.753,2588.012,5501.174,4191.16,2271.333,650.016,5738.404,4912.43,765.367,5307.945,1420.238,1122.563,11887.975,1942.146,909.074,2915.739,3095.917,950.382,2507.069,505.372,2975.31,1284.722,787.305,4050.316,953.306,3641.804,652.896,594.984,2350.906,1567.344
1980-01-01,23800.8,9839.835,17566.754,14338.208,3900.368,11434.702,2737.774,5486.174,3134.502,4154.678,2908.803,9255.553,4223.101,947.983,474.185,10800.65,7376.33,4712.045,5898.98,4600.252,690.851,405.315,2641.218,5490.721,4227.643,2288.738,638.284,5746.075,4921.966,810.215,5368.334,1472.595,1126.86,11868.305,1951.349,924.25,2914.018,3113.174,948.773,2525.342,512.524,3040.758,1309.4,788.752,4085.017,967.71,3664.221,654.38,594.919,2369.039,1572.296
1981-01-01,24285.933,10192.774,17567.734,14746.318,3918.531,11443.458,2810.107,5568.345,3179.255,4235.731,2977.898,9209.287,4283.303,962.204,491.712,10788.33,7407.472,4726.343,5956.653,4627.658,689.584,418.491,2667.982,5480.435,4261.905,2293.201,636.893,5768.685,4932.064,847.655,5444.097,1515.471,1133.033,11858.567,1954.124,936.621,2907.983,3128.836,953.013,2539.036,515.594,3096.164,1332.748,795.328,4111.728,978.195,3670.394,659.505,595.975,2384.849,1578.515
1982-01-01,24820.009,10471.407,17589.738,15331.415,3925.266,11423.412,2889.861,5649.792,3207.614,4276.552,3061.564,9115.198,4352.608,973.721,506.4,10757.087,7430.968,4728.87,6019.101,4646.041,690.597,449.606,2664.922,5467.922,4282.923,2294.257,634.174,5771.222,4929.451,881.537,5492.783,1558.314,1136.684,11845.146,1949.604,947.719,2888.189,3139.013,954.17,2556.777,519.109,3206.123,1363.823,803.986,4131.45,993.78,3683.445,668.972,599.148,2401.202,1581.78
1983-01-01,25360.026,10749.851,17686.905,15751.676,3934.102,11408.818,2968.925,5728.25,3234.066,4300.266,3133.63,9047.754,4395.316,981.869,510.345,10737.632,7467.785,4721.438,6077.056,4659.749,693.008,488.417,2653.066,5450.395,4313.327,2305.761,632.433,5799.407,4943.733,901.977,5564.657,1594.943,1144.772,11837.723,1945.061,958.134,2870.543,3162.354,956.382,2567.717,523.302,3290.402,1394.361,814.031,4141.456,1012.717,3694.484,676.688,605.458,2415.531,1584.293
1984-01-01,25844.393,11039.925,17745.684,16007.086,3951.82,11412.132,3067.135,5834.954,3271.868,4343.656,3169.992,9049.452,4400.477,990.839,504.896,10737.746,7515.473,4735.563,6164.006,4686.737,697.249,513.702,2666.588,5458.322,4365.243,2319.768,633.382,5840.773,4975.278,924.922,5643.87,1622.342,1155.635,11815.172,1927.697,976.864,2858.618,3180.014,961.894,2578.051,526.66,3285.533,1416.717,820.905,4157.706,1027.922,3695.453,680.497,611.565,2424.086,1588.639
1985-01-01,26441.109,11351.118,17791.672,16272.734,3972.523,11399.806,3183.538,5962.661,3303.209,4400.098,3208.723,9076.293,4408.118,994.051,499.695,10734.926,7565.528,4747.767,6253.954,4715.296,698.402,532.495,2672.652,5459.211,4413.071,2327.046,634.549,5880.733,5000.268,951.03,5715.153,1642.91,1162.936,11770.862,1906.831,996.753,2829.684,3201.131,968.955,2588.102,530.035,3271.332,1438.361,822.32,4184.302,1039.698,3694.826,676.98,618.28,2427.405,1584.664
1986-01-01,27102.237,11667.505,17833.419,16561.113,3991.569,11387.257,3308.262,6084.666,3342.758,4452.72,3237.45,9127.775,4406.919,990.224,495.633,10730.268,7622.159,4755.618,6321.578,4738.708,696.034,544.268,2683.528,5454.108,4486.957,2331.984,638.269,5902.678,5023.068,980.613,5811.7,1662.834,1170.126,11782.752,1882.35,1025.053,2791.97,3223.74,977.341,2593.597,534.066,3252.735,1462.729,813.739,4205.212,1051.762,3687.809,669.512,627.559,2432.619,1574.333
1987-01-01,27777.158,11997.283,17868.848,16621.791,4015.264,11391.178,3437.103,6208.467,3380.506,4531.901,3260.48,9187.481,4344.148,984.997,476.965,10760.09,7670.742,4777.919,6403.7,4782.927,696.036,539.309,2700.991,5473.012,4565.557,2342.355,636.93,5935.204,5056.696,1023.376,5932.268,1678.119,1184.574,11810.866,1857.585,1054.289,2767.011,3247.291,989.604,2588.545,540.267,3210.122,1478.52,805.063,4235.136,1067.918,3683.329,661.136,636.947,2445.367,1566.547
1988-01-01,28464.249,12306.395,17941.309,16667.022,4023.844,11390.183,3535.183,6316.142,3412.096,4639.893,3262.281,9217.998,4288.863,985.664,465.101,10798.552,7712.333,4822.388,6480.594,4822.437,698.165,541.983,2741.297,5491.735,4657.904,2342.656,630.432,5979.982,5081.736,1075.022,6036.909,1689.372,1203.84,11845.752,1830.215,1082.577,2768.388,3271.953,996.408,2580.352,549.763,3167.057,1490.337,800.202,4296.166,1079.828,3679.999,655.331,647.622,2461.996,1571.477
1989-01-01,29218.164,12637.715,17983.086,16806.735,4030.222,11409.782,3622.185,6411.099,3456.775,4746.316,3275.818,9253.295,4252.894,994.416,458.374,10829.217,7726.089,4856.574,6565.459,4854.444,696.701,547.159,2790.575,5523.693,4727.301,2346.358,624.168,6015.478,5095.83,1137.382,6120.246,1705.864,1219.961,11865.996,1806.568,1104.522,2770.592,3283.403,1000.666,2574.269,557.707,3150.307,1503.901,799.636,4338.057,1094.588,3677.306,646.351,658.273,2472.849,1574.864
1990-01-01,29950.111,13018.365,18002.855,17044.714,4048.508,11446.979,3679.056,6506.531,3499.064,4900.78,3303.862,9310.462,4219.179,1011.882,453.401,10861.837,7757.158,4902.265,6656.987,4890.626,696.667,553.12,2858.547,5555.097,4797.431,2354.343,603.814,6018.664,5126.37,1218.629,6213.526,1729.722,1231.296,11895.604,1792.481,1111.831,2779.769,3289.056,1004.649,2577.426,564.526,3147.105,1519.933,799.824,4387.283,1112.703,3692.584,637.364,669.063,2480.683,1580.664
1991-01-01,30414.114,13289.497,18029.532,17339.904,4091.025,11535.973,3762.394,6621.279,3559.47,5013.443,3367.567,9395.022,4240.95,1038.915,457.739,10933.683,7784.269,4952.675,6748.135,4946.886,701.445,569.273,2918.745,5602.062,4856.176,2370.666,593.239,5998.652,5157.77,1285.046,6283.853,1771.941,1235.439,11943.16,1798.212,1107.055,2791.227,3288.64,1003.99,2591.23,567.141,3166.471,1547.115,807.837,4427.429,1131.412,3714.686,634.199,680.495,2495.209,1590.805
1992-01-01,30875.92,13504.775,18082.032,17650.479,4139.269,11635.197,3867.333,6759.474,3600.576,5139.011,3459.995,9470.323,4270.849,1066.49,463.491,11007.609,7827.77,5004.636,6831.85,5013.999,708.698,587.073,2973.934,5648.649,4902.545,2394.098,584.183,5993.474,5193.686,1330.694,6383.315,1821.498,1235.748,11980.819,1805.462,1112.766,2806.923,3274.997,1000.571,2610.193,570.115,3204.174,1580.75,822.436,4471.503,1149.926,3756.358,635.427,690.158,2526.042,1602.406
1993-01-01,31147.208,13713.593,18140.894,17996.764,4193.114,11725.984,3993.39,6894.092,3634.507,5247.704,3560.884,9529.24,4284.749,1101.204,469.033,11070.385,7874.891,5055.318,6947.412,5085.666,716.258,596.993,3034.49,5701.965,4942.504,2423.743,576.358,6010.884,5237.757,1380.197,6464.795,1875.993,1238.256,12022.128,1816.179,1122.191,2820.525,3272.325,997.852,2635.574,574.004,3228.829,1614.937,839.876,4521.709,1161.508,3792.288,637.229,699.475,2547.605,1612.149
1994-01-01,31317.179,13961.798,18156.652,18338.319,4232.965,11804.986,4147.561,7045.9,3666.456,5334.896,3653.91,9584.481,4306.5,1135.459,474.982,11111.451,7918.796,5095.504,7060.959,5163.016,723.038,600.624,3087.142,5745.626,4985.411,2450.605,564.982,6031.352,5281.206,1456.388,6536.771,1930.436,1237.687,12042.545,1818.49,1133.054,2829.422,3268.346,993.412,2663.45,578.9,3246.119,1653.329,854.923,4566.028,1173.903,3823.215,639.762,708.416,2569.118,1621.551
1995-01-01,31493.525,14185.403,18150.928,18679.706,4262.731,11884.935,4306.908,7188.538,3699.943,5431.024,3738.061,9659.871,4327.978,1165.0,478.447,11155.493,7965.523,5137.004,7185.403,5241.168,728.251,601.345,3141.421,5791.819,5023.65,2480.121,551.273,6062.335,5324.61,1525.777,6601.392,1976.774,1237.438,12044.78,1820.56,1145.604,2840.86,3265.293,989.203,2690.788,582.827,3265.547,1682.417,868.522,4605.445,1180.49,3855.248,641.548,718.265,2586.942,1635.142
1996-01-01,31780.829,14426.911,18143.805,19006.24,4290.403,11953.003,4432.308,7332.225,3738.974,5509.963,3812.716,9739.184,4338.763,1187.706,480.085,11187.032,8009.624,5173.828,7307.658,5313.576,730.699,604.918,3195.087,5834.908,5057.142,2504.858,538.273,6085.393,5367.888,1596.476,6665.491,2022.253,1241.436,12038.008,1818.983,1160.768,2848.473,3267.03,987.858,2709.925,586.352,3289.634,1706.151,876.656,4647.723,1184.434,3881.051,642.858,727.09,2598.266,1647.657
1997-01-01,32217.708,14683.35,18143.184,19355.427,4320.281,12011.509,4552.207,7486.094,3790.066,5604.105,3891.293,9785.45,4351.39,1210.638,480.031,11212.498,8054.178,5200.235,7428.672,5378.433,730.855,608.846,3243.254,5872.37,5092.914,2524.007,528.752,6115.476,5407.113,1675.581,6732.878,2065.397,1245.215,12015.888,1815.588,1173.239,2854.396,3268.514,986.966,2731.826,588.665,3314.259,1722.939,878.706,4687.726,1189.322,3907.816,640.945,735.024,2616.339,1656.042
1998-01-01,32682.794,14908.23,18159.175,19712.389,4351.037,12069.774,4667.277,7636.522,3839.578,5687.832,3968.967,9820.231,4362.758,1230.923,480.045,11237.752,8095.542,5222.124,7545.828,5432.679,730.789,615.205,3282.055,5907.617,5130.072,2538.202,521.426,6144.407,5437.562,1743.772,6789.225,2100.562,1247.554,12002.329,1811.688,1185.823,2861.025,3272.563,987.704,2751.335,590.579,3339.478,1733.535,879.533,4726.411,1190.472,3934.31,637.808,744.066,2638.667,1660.772
1999-01-01,33145.121,15111.244,18196.601,20044.141,4369.862,12128.37,4778.332,7788.24,3885.736,5756.361,4056.133,9863.775,4372.035,1251.7,479.602,11256.654,8143.412,5250.446,7650.789,5483.535,733.133,619.5,3316.154,5942.901,5171.634,2551.373,519.0,6175.169,5468.338,1809.253,6872.912,2129.836,1253.04,11994.016,1806.928,1201.134,2869.413,3282.031,990.819,2768.619,593.74,3358.044,1739.844,882.779,4775.508,1185.497,3960.825,633.666,753.538,2654.052,1666.028
2000-01-01,33987.977,16047.515,19001.78,20944.499,4452.173,12434.161,5160.586,8227.303,4024.223,5910.512,4326.921,9952.45,4471.885,1299.43,494.3,11363.543,8430.621,5373.999,8081.614,5703.719,755.844,627.963,3429.708,6091.866,5311.034,2678.588,572.046,6361.104,5607.285,2018.741,7105.817,2244.502,1277.072,12284.173,1807.021,1239.882,2929.067,3411.777,1050.268,2848.353,609.618,3454.365,1821.204,903.773,4933.692,1213.519,4049.021,642.023,786.373,2693.681,1713.82
2001-01-01,34479.458,16356.966,19082.838,21319.622,4467.634,12488.445,5273.477,8377.038,4064.995,5985.722,4425.687,9991.12,4477.875,1319.962,494.657,11387.404,8492.671,5406.835,8210.122,5750.789,757.972,633.714,3467.937,6127.76,5374.691,2691.571,574.504,6397.634,5641.142,2098.399,7198.362,2283.715,1285.692,12298.97,1801.481,1255.517,2931.997,3432.835,1057.142,2852.994,612.223,3467.1,1831.69,906.961,4982.796,1225.948,4068.132,639.062,795.699,2702.162,1719.836
2002-01-01,34871.843,16689.37,19137.8,21690.325,4480.089,12525.556,5396.255,8508.256,4107.795,6052.349,4490.406,10015.71,4497.267,1340.372,500.017,11407.889,8552.643,5445.162,8326.201,5795.918,760.02,642.337,3513.424,6155.967,5440.389,2705.927,573.158,6417.206,5674.825,2173.791,7286.873,2324.815,1295.96,12331.031,1805.414,1269.089,2934.234,3458.749,1065.995,2858.681,615.442,3489.08,1855.309,911.667,5018.935,1239.613,4089.875,638.168,806.169,2713.535,1728.292
2003-01-01,35253.159,17004.085,19175.939,22030.931,4503.491,12556.006,5510.364,8622.793,4150.297,6104.115,4528.732,10041.152,4521.042,1363.38,503.453,11434.788,8601.402,5479.203,8422.501,5847.812,763.729,648.414,3547.376,6196.638,5496.269,2724.816,568.502,6422.565,5709.403,2248.85,7366.977,2360.137,1306.513,12374.658,1812.295,1279.84,2941.999,3484.336,1071.342,2868.312,617.858,3504.892,1877.574,919.63,5053.572,1251.154,4117.17,638.817,818.003,2723.004,1738.643
2004-01-01,35574.576,17415.318,19171.567,22394.023,4530.729,12589.773,5652.404,8769.252,4210.921,6178.645,4575.013,10055.315,4552.238,1391.802,509.106,11452.251,8634.561,5514.026,8553.152,5910.809,770.396,659.286,3569.463,6233.007,5546.935,2749.686,567.754,6412.281,5747.741,2346.222,7475.575,2401.58,1313.688,12410.722,1816.438,1290.121,2953.635,3496.094,1074.579,2889.01,619.92,3525.233,1903.808,930.009,5087.713,1273.569,4146.101,644.705,830.803,2734.373,1749.37
2005-01-01,35827.943,17842.038,19132.61,22778.123,4569.805,12609.903,5839.077,8925.922,4270.15,6257.305,4631.888,10051.137,4576.628,1428.241,514.157,11463.32,8651.974,5546.166,8705.407,5991.057,775.493,666.946,3613.202,6278.616,5592.379,2781.097,567.136,6403.29,5790.3,2432.143,7577.105,2457.719,1318.787,12449.99,1820.492,1298.492,2964.454,3506.956,1067.916,2905.943,621.215,3548.597,1932.274,940.102,5119.598,1292.729,4182.742,646.089,845.15,2745.299,1761.497
2006-01-01,36021.202,18166.99,19104.631,23359.58,4628.981,12643.955,6029.141,9155.813,4357.847,6370.753,4720.423,10036.081,4302.665,1468.669,522.667,11481.213,8661.679,5577.655,8917.27,6088.766,783.033,675.302,3670.883,6332.669,5627.367,2821.761,570.681,6410.084,5842.704,2522.658,7673.725,2525.507,1323.619,12510.809,1827.912,1308.389,2982.644,3517.46,1063.096,2904.978,622.892,3594.09,1962.137,952.692,5163.555,1309.731,4219.239,649.422,859.268,2762.931,1772.693
2007-01-01,36250.311,18367.842,19132.335,23831.983,4672.84,12695.866,6167.681,9349.988,4444.11,6461.587,4803.868,10001.284,4375.581,1505.105,534.876,11500.468,8677.885,5610.775,9118.037,6175.727,791.623,680.3,3722.417,6379.599,5653.408,2848.65,574.404,6431.559,5887.612,2601.072,7751.0,2597.746,1327.04,12563.937,1834.052,1312.54,2999.212,3527.27,1057.315,2928.35,623.481,3634.349,1990.07,964.706,5207.203,1315.675,4256.672,652.822,871.749,2783.785,1783.44
2008-01-01,36604.337,18527.305,19212.436,24309.039,4718.206,12747.038,6280.362,9504.843,4528.996,6562.231,4889.73,9946.889,4435.586,1534.32,546.043,11515.391,8711.09,5640.996,9309.449,6247.411,799.124,687.455,3768.748,6424.806,5684.965,2874.554,580.236,6468.967,5923.916,2653.63,7833.496,2663.029,1330.509,12612.285,1840.31,1315.906,3016.734,3545.579,1055.003,2947.806,624.151,3668.976,2010.662,976.415,5247.018,1332.213,4289.878,657.569,883.874,2808.076,1796.378
2009-01-01,36961.229,18652.644,19307.066,24801.761,4757.938,12796.778,6343.154,9620.846,4589.872,6667.426,4972.195,9901.591,4491.648,1554.439,559.851,11528.896,8755.602,5669.264,9449.566,6306.019,807.067,698.895,3808.6,6459.325,5730.388,2896.843,592.228,6517.613,5961.088,2684.665,7925.937,2723.421,1329.59,12666.858,1847.775,1316.102,3032.87,3561.807,1053.646,2958.774,624.817,3717.572,2036.802,983.982,5281.203,1346.717,4317.074,664.968,891.73,2832.704,1812.683
2010-01-01,37319.55,18846.143,19399.956,25241.897,4785.514,12840.545,6407.342,9712.209,4635.846,6743.009,5047.539,9877.597,4544.635,1570.819,564.531,11539.449,8799.451,5690.538,9574.586,6355.518,816.193,713.982,3837.614,6490.555,5788.784,2921.998,605.282,6566.44,5996.089,2702.483,8024.004,2775.413,1327.651,12711.406,1854.265,1316.807,3050.819,3579.173,1053.994,2970.615,625.886,3760.014,2064.614,990.73,5310.934,1364.004,4348.464,674.752,899.647,2858.266,1829.591
2011-01-01,37636.311,19055.607,19499.921,25645.504,4799.642,12867.783,6473.416,9803.63,4672.655,6827.479,5121.9,9883.053,4576.244,1584.272,567.491,11545.735,8828.552,5705.84,9658.913,6400.298,823.74,722.349,3872.672,6517.25,5840.241,2941.038,620.29,6614.218,6011.182,2713.114,8102.437,2814.797,1328.473,12747.052,1856.606,1320.444,3066.772,3588.632,1053.829,2979.147,627.197,3788.824,2080.707,997.518,5346.62,1379.562,4370.817,685.526,907.59,2869.677,1840.914
2012-01-01,37944.551,19302.016,19574.362,26084.12,4816.632,12883.029,6556.344,9903.58,4719.027,6898.599,5193.66,9898.289,4602.067,1595.91,576.656,11550.971,8845.671,5720.825,9751.81,6455.752,833.859,730.81,3900.102,6538.989,5888.375,2952.876,635.737,6664.269,6026.027,2744.67,8187.456,2854.146,1328.094,12769.123,1857.446,1324.677,3076.844,3595.211,1054.893,2984.599,626.361,3819.32,2087.715,1004.168,5377.5,1395.199,4387.865,702.227,915.518,2886.024,1853.691
2013-01-01,38253.768,19551.678,19626.488,26479.646,4831.586,12895.778,6634.69,9975.592,4766.469,6966.252,5270.774,9914.802,4626.04,1612.053,582.62,11579.692,8857.821,5738.012,9846.717,6496.943,842.751,737.626,3924.11,6570.575,5925.197,2960.459,651.559,6715.158,6042.989,2776.956,8255.861,2898.773,1328.543,12779.538,1854.768,1327.272,3093.935,3595.792,1055.56,2989.839,626.603,3853.891,2092.833,1014.158,5414.722,1408.822,4406.906,723.149,924.062,2894.306,1865.813
2014-01-01,38586.706,19853.88,19653.431,26963.092,4843.737,12885.092,6732.873,10071.204,4826.858,7057.531,5352.637,9932.033,4645.938,1632.248,583.159,11606.573,8867.277,5753.199,9937.295,6544.617,849.67,737.075,3965.447,6596.019,5960.064,2968.759,663.603,6764.864,6059.13,2818.935,8315.43,2938.327,1331.217,12792.392,1850.569,1334.257,3110.643,3595.697,1056.511,2991.892,625.693,3879.187,2090.236,1022.657,5452.665,1415.335,4416.992,738.736,933.131,2901.861,1879.955
2015-01-01,38904.296,20219.111,19657.321,27468.531,4854.803,12859.585,6832.81,10183.353,4896.006,7167.287,5454.328,9934.483,4666.998,1652.495,586.389,11622.315,8870.312,5762.927,10037.218,6595.354,854.663,738.43,4018.542,6611.442,5988.528,2979.732,677.014,6797.484,6075.411,2868.531,8367.303,2983.626,1329.098,12789.838,1843.332,1337.48,3122.541,3588.561,1056.886,2990.231,625.81,3910.518,2090.071,1031.495,5484.002,1422.999,4429.126,755.537,942.065,2910.717,1892.059
2016-01-01,39149.186,20627.237,19636.391,27914.064,4866.824,12821.709,6944.767,10308.442,4963.031,7299.961,5543.844,9954.117,4681.346,1684.036,585.243,11640.06,8873.584,5775.17,10161.802,6651.277,863.693,742.575,4093.271,6637.898,6007.014,2991.815,687.576,6827.28,6091.384,2919.555,8417.651,3044.241,1332.348,12788.468,1832.435,1343.694,3133.21,3579.83,1057.816,2990.595,624.366,3928.143,2092.555,1042.137,5525.36,1428.885,4440.306,756.114,949.989,2912.977,1906.483
2017-01-01,39337.785,20977.089,19593.849,28291.024,4877.989,12779.893,7048.088,10417.031,5027.102,7427.951,5617.421,9976.752,4673.673,1719.745,579.994,11665.706,8888.147,5793.147,10275.758,6714.748,873.732,740.983,4147.294,6662.068,6028.186,3003.855,697.079,6863.56,6111.382,2972.097,8471.011,3103.54,1335.743,12794.679,1818.683,1350.395,3143.734,3575.324,1056.554,2990.674,625.132,3933.602,2092.844,1053.862,5569.283,1425.763,4455.59,756.755,957.942,2910.892,1916.998
2018-01-01,39437.463,21254.926,19544.098,28624.564,4891.628,12724.685,7164.228,10519.389,5091.702,7526.793,5697.155,9987.286,4664.45,1752.074,579.054,11680.892,8891.73,5809.319,10391.358,6778.18,879.386,736.624,4183.538,6698.481,6042.153,3012.161,704.147,6885.72,6125.986,3030.725,8510.92,3155.153,1340.123,12809.107,1805.953,1355.064,3149.9,3574.561,1059.338,2982.879,624.802,3943.488,2093.754,1061.818,5608.762,1423.102,4464.273,760.062,966.985,2912.748,1925.512
2019-01-01,39437.61,21492.056,19463.131,28986.794,4907.965,12667.017,7291.843,10628.02,5157.702,7614.024,5758.486,9984.795,4658.285,1789.06,580.116,11696.507,8891.258,5824.581,10501.384,6830.325,887.127,733.603,4216.116,6731.01,6054.954,3020.985,708.253,6894.883,6140.475,3090.771,8556.642,3203.383,1345.77,12798.883,1795.263,1360.783,3159.596,3566.022,1058.158,2978.227,624.046,3960.676,2099.634,1070.123,5640.053,1415.615,4472.345,763.724,976.668,2912.635,1932.571
2020-01-01,39503.2,21591.299,20104.71,29234.361,5031.864,12790.357,7186.683,10732.39,5132.151,7724.566,5785.219,10070.627,4652.022,1849.339,577.664,11798.292,9272.392,5896.7,10453.812,6926.091,887.852,732.964,4245.044,6789.098,6173.689,3014.348,670.839,6997.713,6154.426,3115.84,8637.193,3283.982,1364.517,12995.477,1791.562,1378.702,3190.904,3577.586,1096.444,2958.409,642.936,3965.234,2118.488,1087.211,5710.578,1451.181,4508.155,779.563,991.862,2938.124,1963.273
2021-01-01,39145.06,21830.708,19854.526,29561.286,5050.38,12690.341,7272.487,10790.385,5193.848,7741.433,5811.596,10038.117,4627.047,1904.537,579.548,11765.227,9269.175,5879.978,10567.1,6963.709,896.299,734.923,4256.465,6813.798,6175.045,3028.443,669.037,6991.951,6170.393,3146.632,8657.348,3339.284,1378.787,13013.614,1785.249,1387.494,3197.944,3603.691,1097.092,2949.582,647.093,3991.634,2116.95,1106.366,5717.968,1446.745,4507.6,777.982,1004.881,2937.946,1964.253
2022-01-01,39040.616,22245.521,19673.2,30029.848,5073.903,12582.515,7365.684,10913.15,5282.955,7784.477,5841.039,10033.281,4588.023,1938.996,581.629,11759.697,9260.817,5890.543,10695.965,7048.976,909.869,733.276,4239.379,6832.274,6163.981,3046.404,670.949,6982.74,6177.168,3177.421,8679.099,3381.236,1389.338,12972.091,1774.035,1399.003,3199.693,3608.706,1093.842,2938.928,647.11,4019.271,2113.476,1122.878,5714.3,1439.399,4511.563,778.912,1019.459,2936.716,1968.06
2023-01-01,38965.193,22610.726,19571.216,30503.301,5108.468,12549.689,7431.344,11029.227,5373.555,7812.88,5877.61,10037.261,4573.749,1964.726,584.057,11785.935,9290.841,5910.955,10835.491,7126.489,919.318,733.406,4233.358,6862.199,6180.253,3067.732,678.972,7001.399,6196.156,3194.176,8715.698,3417.734,1395.722,12961.683,1770.071,1402.054,3207.004,3617.176,1095.962,2939.69,647.464,4053.824,2114.371,1132.812,5737.915,1435.138,4526.154,783.926,1031.89,2940.546,1978.379
